checkpoint,step,direction,control,task,num_examples,mean_delta_ld
step_005000,5000,original_to_original,clean,pooled_distractor,888,0.0019112696518769135
step_005000,5000,original_to_original,opposite-number,pooled_distractor,888,4.4032260104342624e-08
step_005000,5000,original_to_original,same-number-shuffled,pooled_distractor,888,0.0015554127392468152
step_005000,5000,original_to_original,opposite-number-shuffled,pooled_distractor,888,0.0007996338981765884
step_005000,5000,clone_to_clone,clean,pooled_distractor,888,0.020417245927157702
step_005000,5000,clone_to_clone,opposite-number,pooled_distractor,888,3.436664203265766e-08
step_005000,5000,clone_to_clone,same-number-shuffled,pooled_distractor,888,0.019632880483661685
step_005000,5000,clone_to_clone,opposite-number-shuffled,pooled_distractor,888,0.00027919245195818376
step_005000,5000,original_to_clone,clean,pooled_distractor,888,0.008816307460939561
step_005000,5000,original_to_clone,opposite-number,pooled_distractor,888,0.00953531855935449
step_005000,5000,original_to_clone,same-number-shuffled,pooled_distractor,888,0.008672603078790614
step_005000,5000,original_to_clone,opposite-number-shuffled,pooled_distractor,888,0.010928033439962714
step_005000,5000,clone_to_original,clean,pooled_distractor,888,0.004267211969908293
step_005000,5000,clone_to_original,opposite-number,pooled_distractor,888,0.0008980948645789344
step_005000,5000,clone_to_original,same-number-shuffled,pooled_distractor,888,0.003854457322541658
step_005000,5000,clone_to_original,opposite-number-shuffled,pooled_distractor,888,0.0002307038049440126
step_015000,15000,original_to_original,clean,pooled_distractor,888,0.005025574215897569
step_015000,15000,original_to_original,opposite-number,pooled_distractor,888,1.1115460782437711e-07
step_015000,15000,original_to_original,same-number-shuffled,pooled_distractor,888,0.006962010452339241
step_015000,15000,original_to_original,opposite-number-shuffled,pooled_distractor,888,0.0005288387204075719
step_015000,15000,clone_to_clone,clean,pooled_distractor,888,0.35027893276901934
step_015000,15000,clone_to_clone,opposite-number,pooled_distractor,888,-7.517702944643862e-09
step_015000,15000,clone_to_clone,same-number-shuffled,pooled_distractor,888,0.34991089073387355
step_015000,15000,clone_to_clone,opposite-number-shuffled,pooled_distractor,888,0.0007279901891141324
step_015000,15000,original_to_clone,clean,pooled_distractor,888,0.17535766180571136
step_015000,15000,original_to_clone,opposite-number,pooled_distractor,888,0.17767477518803365
step_015000,15000,original_to_clone,same-number-shuffled,pooled_distractor,888,0.17657847984417066
step_015000,15000,original_to_clone,opposite-number-shuffled,pooled_distractor,888,0.17671390965178208
step_015000,15000,clone_to_original,clean,pooled_distractor,888,0.028799428059174133
step_015000,15000,clone_to_original,opposite-number,pooled_distractor,888,-0.015632932250564162
step_015000,15000,clone_to_original,same-number-shuffled,pooled_distractor,888,0.031030834795118454
step_015000,15000,clone_to_original,opposite-number-shuffled,pooled_distractor,888,-0.017602301395691192
step_030000,30000,original_to_original,clean,pooled_distractor,888,0.15164850638793395
step_030000,30000,original_to_original,opposite-number,pooled_distractor,888,-1.3102282274950733e-07
step_030000,30000,original_to_original,same-number-shuffled,pooled_distractor,888,0.1485722387159193
step_030000,30000,original_to_original,opposite-number-shuffled,pooled_distractor,888,0.0010886122514535716
step_030000,30000,clone_to_clone,clean,pooled_distractor,888,0.45546551652856776
step_030000,30000,clone_to_clone,opposite-number,pooled_distractor,888,-1.5303895280167863e-07
step_030000,30000,clone_to_clone,same-number-shuffled,pooled_distractor,888,0.4452274189339028
step_030000,30000,clone_to_clone,opposite-number-shuffled,pooled_distractor,888,0.012151204787933075
step_030000,30000,original_to_clone,clean,pooled_distractor,888,0.24166011864000614
step_030000,30000,original_to_clone,opposite-number,pooled_distractor,888,0.2125174424669764
step_030000,30000,original_to_clone,same-number-shuffled,pooled_distractor,888,0.24045189168002154
step_030000,30000,original_to_clone,opposite-number-shuffled,pooled_distractor,888,0.21225976138501554
step_030000,30000,clone_to_original,clean,pooled_distractor,888,0.16395433851190516
step_030000,30000,clone_to_original,opposite-number,pooled_distractor,888,0.007479638666720004
step_030000,30000,clone_to_original,same-number-shuffled,pooled_distractor,888,0.16296889867868508
step_030000,30000,clone_to_original,opposite-number-shuffled,pooled_distractor,888,0.00736134975880116
step_050000,50000,original_to_original,clean,pooled_distractor,888,0.547465630479761
step_050000,50000,original_to_original,opposite-number,pooled_distractor,888,-2.362706639745214e-08
step_050000,50000,original_to_original,same-number-shuffled,pooled_distractor,888,0.5357584711667653
step_050000,50000,original_to_original,opposite-number-shuffled,pooled_distractor,888,0.0010433234609999098
step_050000,50000,clone_to_clone,clean,pooled_distractor,888,0.42708819621318095
step_050000,50000,clone_to_clone,opposite-number,pooled_distractor,888,6.65853689382742e-08
step_050000,50000,clone_to_clone,same-number-shuffled,pooled_distractor,888,0.4176595017716691
step_050000,50000,clone_to_clone,opposite-number-shuffled,pooled_distractor,888,0.015027006467183432
step_050000,50000,original_to_clone,clean,pooled_distractor,888,0.2660539531492972
step_050000,50000,original_to_clone,opposite-number,pooled_distractor,888,0.19120660934362327
step_050000,50000,original_to_clone,same-number-shuffled,pooled_distractor,888,0.2654197387867146
step_050000,50000,original_to_clone,opposite-number-shuffled,pooled_distractor,888,0.18841509883468216
step_050000,50000,clone_to_original,clean,pooled_distractor,888,0.37539987145243464
step_050000,50000,clone_to_original,opposite-number,pooled_distractor,888,0.20259972896661843
step_050000,50000,clone_to_original,same-number-shuffled,pooled_distractor,888,0.3736427775374404
step_050000,50000,clone_to_original,opposite-number-shuffled,pooled_distractor,888,0.20156454986280148
step_065000,65000,original_to_original,clean,pooled_distractor,888,0.7029552486565736
step_065000,65000,original_to_original,opposite-number,pooled_distractor,888,6.2289538684192e-08
step_065000,65000,original_to_original,same-number-shuffled,pooled_distractor,888,0.6825072931813764
step_065000,65000,original_to_original,opposite-number-shuffled,pooled_distractor,888,0.008910332714115177
step_065000,65000,clone_to_clone,clean,pooled_distractor,888,0.4566086337373063
step_065000,65000,clone_to_clone,opposite-number,pooled_distractor,888,1.3746656813063063e-07
step_065000,65000,clone_to_clone,same-number-shuffled,pooled_distractor,888,0.45050385943404186
step_065000,65000,clone_to_clone,opposite-number-shuffled,pooled_distractor,888,0.009547141221192506
step_065000,65000,original_to_clone,clean,pooled_distractor,888,0.27561464288213233
step_065000,65000,original_to_clone,opposite-number,pooled_distractor,888,0.21515680164904208
step_065000,65000,original_to_clone,same-number-shuffled,pooled_distractor,888,0.2746656016186551
step_065000,65000,original_to_clone,opposite-number-shuffled,pooled_distractor,888,0.21533552483395413
step_065000,65000,clone_to_original,clean,pooled_distractor,888,0.4718777929340397
step_065000,65000,clone_to_original,opposite-number,pooled_distractor,888,0.25037875422486316
step_065000,65000,clone_to_original,same-number-shuffled,pooled_distractor,888,0.4711811112927961
step_065000,65000,clone_to_original,opposite-number-shuffled,pooled_distractor,888,0.2532934283351039
best,77500,original_to_original,clean,pooled_distractor,888,0.6685558278281409
best,77500,original_to_original,opposite-number,pooled_distractor,888,-2.453993032644461e-07
best,77500,original_to_original,same-number-shuffled,pooled_distractor,888,0.6498322213018263
best,77500,original_to_original,opposite-number-shuffled,pooled_distractor,888,0.005147289048444043
best,77500,clone_to_clone,clean,pooled_distractor,888,0.49433207565599735
best,77500,clone_to_clone,opposite-number,pooled_distractor,888,1.6592644356392525e-07
best,77500,clone_to_clone,same-number-shuffled,pooled_distractor,888,0.48395566575162047
best,77500,clone_to_clone,opposite-number-shuffled,pooled_distractor,888,0.009451086456711227
best,77500,original_to_clone,clean,pooled_distractor,888,0.2810438431061066
best,77500,original_to_clone,opposite-number,pooled_distractor,888,0.24312494520668512
best,77500,original_to_clone,same-number-shuffled,pooled_distractor,888,0.2792472135913265
best,77500,original_to_clone,opposite-number-shuffled,pooled_distractor,888,0.2411271446460002
best,77500,clone_to_original,clean,pooled_distractor,888,0.4576997343484346
best,77500,clone_to_original,opposite-number,pooled_distractor,888,0.22182313171592918
best,77500,clone_to_original,same-number-shuffled,pooled_distractor,888,0.45493610861065154
best,77500,clone_to_original,opposite-number-shuffled,pooled_distractor,888,0.22354460353249903
step_005000,5000,original_to_original,clean,simple,392,0.0014982272167595066
step_005000,5000,original_to_original,opposite-number,simple,392,9.00151778240593e-08
step_005000,5000,original_to_original,same-number-shuffled,simple,392,0.0026326726893989407
step_005000,5000,original_to_original,opposite-number-shuffled,simple,392,0.0007256232962316396
step_005000,5000,clone_to_clone,clean,simple,392,0.0147700699008241
step_005000,5000,clone_to_clone,opposite-number,simple,392,-1.508362439213967e-07
step_005000,5000,clone_to_clone,same-number-shuffled,simple,392,0.0145879400019743
step_005000,5000,clone_to_clone,opposite-number-shuffled,simple,392,0.0025793812712844536
step_005000,5000,original_to_clone,clean,simple,392,-0.017261160879719014
step_005000,5000,original_to_clone,opposite-number,simple,392,-0.013655629693245401
step_005000,5000,original_to_clone,same-number-shuffled,simple,392,-0.017652264663151333
step_005000,5000,original_to_clone,opposite-number-shuffled,simple,392,-0.014037728309631348
step_005000,5000,clone_to_original,clean,simple,392,0.006032537440864408
step_005000,5000,clone_to_original,opposite-number,simple,392,0.003870524922195746
step_005000,5000,clone_to_original,same-number-shuffled,simple,392,0.005699452088803661
step_005000,5000,clone_to_original,opposite-number-shuffled,simple,392,0.004440696872010523
step_015000,15000,original_to_original,clean,simple,392,-0.003997199389399315
step_015000,15000,original_to_original,opposite-number,simple,392,3.6492639658402423e-09
step_015000,15000,original_to_original,same-number-shuffled,simple,392,-0.004994006789460474
step_015000,15000,original_to_original,opposite-number-shuffled,simple,392,0.0005672914641244071
step_015000,15000,clone_to_clone,clean,simple,392,0.24536803425574788
step_015000,15000,clone_to_clone,opposite-number,simple,392,-2.6031416289660395e-07
step_015000,15000,clone_to_clone,same-number-shuffled,simple,392,0.2417252258378632
step_015000,15000,clone_to_clone,opposite-number-shuffled,simple,392,0.0002668548603447116
step_015000,15000,original_to_clone,clean,simple,392,0.11612851644048885
step_015000,15000,original_to_clone,opposite-number,simple,392,0.12240192598226118
step_015000,15000,original_to_clone,same-number-shuffled,simple,392,0.11840048614813357
step_015000,15000,original_to_clone,opposite-number-shuffled,simple,392,0.1260869709812865
step_015000,15000,clone_to_original,clean,simple,392,0.03652767259247449
step_015000,15000,clone_to_original,opposite-number,simple,392,0.012476730103395423
step_015000,15000,clone_to_original,same-number-shuffled,simple,392,0.03727892466953823
step_015000,15000,clone_to_original,opposite-number-shuffled,simple,392,0.013719131751936309
step_030000,30000,original_to_original,clean,simple,392,0.02746833222252982
step_030000,30000,original_to_original,opposite-number,simple,392,-2.286872085259885e-07
step_030000,30000,original_to_original,same-number-shuffled,simple,392,0.026767806131012584
step_030000,30000,original_to_original,opposite-number-shuffled,simple,392,0.00034691119680599293
step_030000,30000,clone_to_clone,clean,simple,392,0.21894718676197286
step_030000,30000,clone_to_clone,opposite-number,simple,392,1.435377159897162e-07
step_030000,30000,clone_to_clone,same-number-shuffled,simple,392,0.21711979350265193
step_030000,30000,clone_to_clone,opposite-number-shuffled,simple,392,-0.0004950336047581264
step_030000,30000,original_to_clone,clean,simple,392,0.11453819274902344
step_030000,30000,original_to_clone,opposite-number,simple,392,0.0998208924215667
step_030000,30000,original_to_clone,same-number-shuffled,simple,392,0.11583914197221094
step_030000,30000,original_to_clone,opposite-number-shuffled,simple,392,0.09932289804731097
step_030000,30000,clone_to_original,clean,simple,392,0.024040282989034847
step_030000,30000,clone_to_original,opposite-number,simple,392,-0.021557373659951345
step_030000,30000,clone_to_original,same-number-shuffled,simple,392,0.02436782997481677
step_030000,30000,clone_to_original,opposite-number-shuffled,simple,392,-0.019730973000429114
step_050000,50000,original_to_original,clean,simple,392,0.10727257144694426
step_050000,50000,original_to_original,opposite-number,simple,392,9.73137057557398e-08
step_050000,50000,original_to_original,same-number-shuffled,simple,392,0.10618181617892518
step_050000,50000,original_to_original,opposite-number-shuffled,simple,392,-0.0007804218603640186
step_050000,50000,clone_to_clone,clean,simple,392,0.07814050328974821
step_050000,50000,clone_to_clone,opposite-number,simple,392,4.002026149204799e-07
step_050000,50000,clone_to_clone,same-number-shuffled,simple,392,0.07843305140125509
step_050000,50000,clone_to_clone,opposite-number-shuffled,simple,392,0.001815203501253712
step_050000,50000,original_to_clone,clean,simple,392,0.05723168168749128
step_050000,50000,original_to_clone,opposite-number,simple,392,0.029319050360699088
step_050000,50000,original_to_clone,same-number-shuffled,simple,392,0.058429098859125256
step_050000,50000,original_to_clone,opposite-number-shuffled,simple,392,0.02841920025494634
step_050000,50000,clone_to_original,clean,simple,392,0.08800156870666816
step_050000,50000,clone_to_original,opposite-number,simple,392,0.07568114144461495
step_050000,50000,clone_to_original,same-number-shuffled,simple,392,0.0877413907829596
step_050000,50000,clone_to_original,opposite-number-shuffled,simple,392,0.07520226434785493
step_065000,65000,original_to_original,clean,simple,392,0.10744540058836645
step_065000,65000,original_to_original,opposite-number,simple,392,-1.8246319829201212e-08
step_065000,65000,original_to_original,same-number-shuffled,simple,392,0.10841753409833324
step_065000,65000,original_to_original,opposite-number-shuffled,simple,392,-0.0006471130312705526
step_065000,65000,clone_to_clone,clean,simple,392,0.09075899026831802
step_065000,65000,clone_to_clone,opposite-number,simple,392,3.795234524473852e-07
step_065000,65000,clone_to_clone,same-number-shuffled,simple,392,0.09322243199056508
step_065000,65000,clone_to_clone,opposite-number-shuffled,simple,392,0.001274815627506801
step_065000,65000,original_to_clone,clean,simple,392,0.055383347735113025
step_065000,65000,original_to_clone,opposite-number,simple,392,0.037556668933557004
step_065000,65000,original_to_clone,same-number-shuffled,simple,392,0.05597649058517145
step_065000,65000,original_to_clone,opposite-number-shuffled,simple,392,0.03475814936112384
step_065000,65000,clone_to_original,clean,simple,392,0.09822155991379096
step_065000,65000,clone_to_original,opposite-number,simple,392,0.08399541159065402
step_065000,65000,clone_to_original,same-number-shuffled,simple,392,0.09834162434753106
step_065000,65000,clone_to_original,opposite-number-shuffled,simple,392,0.08246955457998782
best,77500,original_to_original,clean,simple,392,0.11016922216026151
best,77500,original_to_original,opposite-number,simple,392,-2.0679162473094706e-08
best,77500,original_to_original,same-number-shuffled,simple,392,0.10975218062498132
best,77500,original_to_original,opposite-number-shuffled,simple,392,-0.00031791657817607024
best,77500,clone_to_clone,clean,simple,392,0.10081490448543004
best,77500,clone_to_clone,opposite-number,simple,392,-6.325390874123087e-08
best,77500,clone_to_clone,same-number-shuffled,simple,392,0.10345813936116743
best,77500,clone_to_clone,opposite-number-shuffled,simple,392,-0.000369455133165632
best,77500,original_to_clone,clean,simple,392,0.06869955452121033
best,77500,original_to_clone,opposite-number,simple,392,0.04755219634698362
best,77500,original_to_clone,same-number-shuffled,simple,392,0.06860093437895483
best,77500,original_to_clone,opposite-number-shuffled,simple,392,0.04574426339597118
best,77500,clone_to_original,clean,simple,392,0.08781334453699541
best,77500,clone_to_original,opposite-number,simple,392,0.06280613067198773
best,77500,clone_to_original,same-number-shuffled,simple,392,0.08811613856529703
best,77500,clone_to_original,opposite-number-shuffled,simple,392,0.06062251572706261
step_005000,5000,original_to_original,clean,pp_attractor,296,0.002387821674346924
step_005000,5000,original_to_original,opposite-number,pp_attractor,296,7.410307188291807e-08
step_005000,5000,original_to_original,same-number-shuffled,pp_attractor,296,0.003068145867940542
step_005000,5000,original_to_original,opposite-number-shuffled,pp_attractor,296,0.003529203904641641
step_005000,5000,clone_to_clone,clean,pp_attractor,296,0.01741034920151169
step_005000,5000,clone_to_clone,opposite-number,pp_attractor,296,6.443745381123311e-09
step_005000,5000,clone_to_clone,same-number-shuffled,pp_attractor,296,0.015685203913095837
step_005000,5000,clone_to_clone,opposite-number-shuffled,pp_attractor,296,-0.0017516709662772514
step_005000,5000,original_to_clone,clean,pp_attractor,296,0.005661218552976041
step_005000,5000,original_to_clone,opposite-number,pp_attractor,296,0.005415104530953072
step_005000,5000,original_to_clone,same-number-shuffled,pp_attractor,296,0.004750817208676724
step_005000,5000,original_to_clone,opposite-number-shuffled,pp_attractor,296,0.009639701327762089
step_005000,5000,clone_to_original,clean,pp_attractor,296,0.0069092898755460175
step_005000,5000,clone_to_original,opposite-number,pp_attractor,296,0.005047372869543127
step_005000,5000,clone_to_original,same-number-shuffled,pp_attractor,296,0.0072800839269483416
step_005000,5000,clone_to_original,opposite-number-shuffled,pp_attractor,296,0.004607830498669599
step_015000,15000,original_to_original,clean,pp_attractor,296,0.005778378731495625
step_015000,15000,original_to_original,opposite-number,pp_attractor,296,1.0632179878853463e-07
step_015000,15000,original_to_original,same-number-shuffled,pp_attractor,296,0.010381746936488795
step_015000,15000,original_to_original,opposite-number-shuffled,pp_attractor,296,-0.0008424504383190258
step_015000,15000,clone_to_clone,clean,pp_attractor,296,0.4052470648610914
step_015000,15000,clone_to_clone,opposite-number,pp_attractor,296,-8.054681726404138e-08
step_015000,15000,clone_to_clone,same-number-shuffled,pp_attractor,296,0.4076453415123192
step_015000,15000,clone_to_clone,opposite-number-shuffled,pp_attractor,296,0.006174137463440766
step_015000,15000,original_to_clone,clean,pp_attractor,296,0.2040499271573247
step_015000,15000,original_to_clone,opposite-number,pp_attractor,296,0.20842940581811442
step_015000,15000,original_to_clone,same-number-shuffled,pp_attractor,296,0.20792798899315498
step_015000,15000,original_to_clone,opposite-number-shuffled,pp_attractor,296,0.208270153483829
step_015000,15000,clone_to_original,clean,pp_attractor,296,0.03801780939102173
step_015000,15000,clone_to_original,opposite-number,pp_attractor,296,-0.005224451825425432
step_015000,15000,clone_to_original,same-number-shuffled,pp_attractor,296,0.03703416038203884
step_015000,15000,clone_to_original,opposite-number-shuffled,pp_attractor,296,-0.005809529407604321
step_030000,30000,original_to_original,clean,pp_attractor,296,0.1556438852000881
step_030000,30000,original_to_original,opposite-number,pp_attractor,296,-1.8364674336201436e-07
step_030000,30000,original_to_original,same-number-shuffled,pp_attractor,296,0.15346421422185125
step_030000,30000,original_to_original,opposite-number-shuffled,pp_attractor,296,-0.0034335448935225205
step_030000,30000,clone_to_clone,clean,pp_attractor,296,0.5916611101176288
step_030000,30000,clone_to_clone,opposite-number,pp_attractor,296,-5.79937084301098e-08
step_030000,30000,clone_to_clone,same-number-shuffled,pp_attractor,296,0.5696236362328401
step_030000,30000,clone_to_clone,opposite-number-shuffled,pp_attractor,296,0.031869504902813886
step_030000,30000,original_to_clone,clean,pp_attractor,296,0.3058084265605823
step_030000,30000,original_to_clone,opposite-number,pp_attractor,296,0.28091277947296966
step_030000,30000,original_to_clone,same-number-shuffled,pp_attractor,296,0.3038828759580045
step_030000,30000,original_to_clone,opposite-number-shuffled,pp_attractor,296,0.2803345934764759
step_030000,30000,clone_to_original,clean,pp_attractor,296,0.16581290154843717
step_030000,30000,clone_to_original,opposite-number,pp_attractor,296,-0.01143295700485642
step_030000,30000,clone_to_original,same-number-shuffled,pp_attractor,296,0.1622048519753121
step_030000,30000,clone_to_original,opposite-number-shuffled,pp_attractor,296,-0.0019347361616186194
step_050000,50000,original_to_original,clean,pp_attractor,296,0.6428747595967473
step_050000,50000,original_to_original,opposite-number,pp_attractor,296,1.1759835320550043e-07
step_050000,50000,original_to_original,same-number-shuffled,pp_attractor,296,0.6214760509697167
step_050000,50000,original_to_original,opposite-number-shuffled,pp_attractor,296,-0.020614374328303983
step_050000,50000,clone_to_clone,clean,pp_attractor,296,0.5247198149964616
step_050000,50000,clone_to_clone,opposite-number,pp_attractor,296,-1.4659520742055533e-07
step_050000,50000,clone_to_clone,same-number-shuffled,pp_attractor,296,0.5086171433732316
step_050000,50000,clone_to_clone,opposite-number-shuffled,pp_attractor,296,0.02532809811669427
step_050000,50000,original_to_clone,clean,pp_attractor,296,0.3367285873438861
step_050000,50000,original_to_clone,opposite-number,pp_attractor,296,0.20717780493401192
step_050000,50000,original_to_clone,same-number-shuffled,pp_attractor,296,0.3393153564350025
step_050000,50000,original_to_clone,opposite-number-shuffled,pp_attractor,296,0.20683463521905848
step_050000,50000,clone_to_original,clean,pp_attractor,296,0.41001947344960393
step_050000,50000,clone_to_original,opposite-number,pp_attractor,296,0.22127008115923083
step_050000,50000,clone_to_original,same-number-shuffled,pp_attractor,296,0.4052531219817497
step_050000,50000,clone_to_original,opposite-number-shuffled,pp_attractor,296,0.22232233028154116
step_065000,65000,original_to_original,clean,pp_attractor,296,0.7322690696329683
step_065000,65000,original_to_original,opposite-number,pp_attractor,296,1.7881393432617188e-07
step_065000,65000,original_to_original,same-number-shuffled,pp_attractor,296,0.7100330365670694
step_065000,65000,original_to_original,opposite-number-shuffled,pp_attractor,296,0.0014248683645918562
step_065000,65000,clone_to_clone,clean,pp_attractor,296,0.5185220692608807
step_065000,65000,clone_to_clone,opposite-number,pp_attractor,296,8.215775360932221e-08
step_065000,65000,clone_to_clone,same-number-shuffled,pp_attractor,296,0.5067868651570501
step_065000,65000,clone_to_clone,opposite-number-shuffled,pp_attractor,296,0.01959001856881219
step_065000,65000,original_to_clone,clean,pp_attractor,296,0.32820199631355906
step_065000,65000,original_to_clone,opposite-number,pp_attractor,296,0.22039295853795232
step_065000,65000,original_to_clone,same-number-shuffled,pp_attractor,296,0.3299679047352559
step_065000,65000,original_to_clone,opposite-number-shuffled,pp_attractor,296,0.22604563429548935
step_065000,65000,clone_to_original,clean,pp_attractor,296,0.4650033196887454
step_065000,65000,clone_to_original,opposite-number,pp_attractor,296,0.2548862131866249
step_065000,65000,clone_to_original,same-number-shuffled,pp_attractor,296,0.46421838289982564
step_065000,65000,clone_to_original,opposite-number-shuffled,pp_attractor,296,0.2592950608279254
best,77500,original_to_original,clean,pp_attractor,296,0.703959229830149
best,77500,original_to_original,opposite-number,pp_attractor,296,-3.898465955579603e-07
best,77500,original_to_original,same-number-shuffled,pp_attractor,296,0.677937267599879
best,77500,original_to_original,opposite-number-shuffled,pp_attractor,296,-0.010297090620607944
best,77500,clone_to_clone,clean,pp_attractor,296,0.5926855013177201
best,77500,clone_to_clone,opposite-number,pp_attractor,296,3.1252165098448056e-07
best,77500,clone_to_clone,same-number-shuffled,pp_attractor,296,0.5732555711591566
best,77500,clone_to_clone,opposite-number-shuffled,pp_attractor,296,0.017346916971979914
best,77500,original_to_clone,clean,pp_attractor,296,0.34620967426815547
best,77500,original_to_clone,opposite-number,pp_attractor,296,0.252937329782022
best,77500,original_to_clone,same-number-shuffled,pp_attractor,296,0.34695894009358175
best,77500,original_to_clone,opposite-number-shuffled,pp_attractor,296,0.25449982204952754
best,77500,clone_to_original,clean,pp_attractor,296,0.454075537823342
best,77500,clone_to_original,opposite-number,pp_attractor,296,0.21357911664086418
best,77500,clone_to_original,same-number-shuffled,pp_attractor,296,0.4471657856090649
best,77500,clone_to_original,opposite-number-shuffled,pp_attractor,296,0.2183568252099527
step_005000,5000,original_to_original,clean,object_relative,304,0.0013442180658641615
step_005000,5000,original_to_original,opposite-number,object_relative,304,4.705629850688733e-09
step_005000,5000,original_to_original,same-number-shuffled,object_relative,304,0.0007848425915366725
step_005000,5000,original_to_original,opposite-number-shuffled,object_relative,304,7.68350927453292e-05
step_005000,5000,clone_to_clone,clean,object_relative,304,0.016713823927076238
step_005000,5000,clone_to_clone,opposite-number,object_relative,304,-2.1959605969880755e-08
step_005000,5000,clone_to_clone,same-number-shuffled,object_relative,304,0.016478627135879116
step_005000,5000,clone_to_clone,opposite-number-shuffled,object_relative,304,0.001881169645409835
step_005000,5000,original_to_clone,clean,object_relative,304,0.008269411168600383
step_005000,5000,original_to_clone,opposite-number,object_relative,304,0.009330211501372488
step_005000,5000,original_to_clone,same-number-shuffled,object_relative,304,0.00846187064522191
step_005000,5000,original_to_clone,opposite-number-shuffled,object_relative,304,0.009249545241657057
step_005000,5000,clone_to_original,clean,object_relative,304,0.0027175953513697572
step_005000,5000,clone_to_original,opposite-number,object_relative,304,-0.0010468536301663047
step_005000,5000,clone_to_original,same-number-shuffled,object_relative,304,0.0009179679970992239
step_005000,5000,clone_to_original,opposite-number-shuffled,object_relative,304,-0.0030596679762790076
step_015000,15000,original_to_original,clean,object_relative,304,0.00234727796755339
step_015000,15000,original_to_original,opposite-number,object_relative,304,1.0352385671515214e-07
step_015000,15000,original_to_original,same-number-shuffled,object_relative,304,0.003434189056095324
step_015000,15000,original_to_original,opposite-number-shuffled,object_relative,304,0.0001795919317948191
step_015000,15000,clone_to_clone,clean,object_relative,304,0.326511916361357
step_015000,15000,clone_to_clone,opposite-number,object_relative,304,2.0391062686317845e-07
step_015000,15000,clone_to_clone,same-number-shuffled,object_relative,304,0.32487165927886963
step_015000,15000,clone_to_clone,opposite-number-shuffled,object_relative,304,-0.015108430071880943
step_015000,15000,original_to_clone,clean,object_relative,304,0.1543753241237841
step_015000,15000,original_to_clone,opposite-number,object_relative,304,0.15539447884810598
step_015000,15000,original_to_clone,same-number-shuffled,object_relative,304,0.1557366706823048
step_015000,15000,original_to_clone,opposite-number-shuffled,object_relative,304,0.15443542913386696
step_015000,15000,clone_to_original,clean,object_relative,304,0.02538688245572542
step_015000,15000,clone_to_original,opposite-number,object_relative,304,-0.02203198796824405
step_015000,15000,clone_to_original,same-number-shuffled,object_relative,304,0.028651455515309385
step_015000,15000,clone_to_original,opposite-number-shuffled,object_relative,304,-0.027474706110201384
step_030000,30000,original_to_original,clean,object_relative,304,0.17814551999694422
step_030000,30000,original_to_original,opposite-number,object_relative,304,-9.254405373021176e-08
step_030000,30000,original_to_original,same-number-shuffled,object_relative,304,0.17563045809143468
step_030000,30000,original_to_original,opposite-number-shuffled,object_relative,304,0.0003690358839536968
step_030000,30000,clone_to_clone,clean,object_relative,304,0.3217796463715403
step_030000,30000,clone_to_clone,opposite-number,object_relative,304,-5.097765671579461e-07
step_030000,30000,clone_to_clone,same-number-shuffled,object_relative,304,0.3218373938610679
step_030000,30000,clone_to_clone,opposite-number-shuffled,object_relative,304,-0.006395747787074039
step_030000,30000,original_to_clone,clean,object_relative,304,0.1778348605883749
step_030000,30000,original_to_clone,opposite-number,object_relative,304,0.14613859277022512
step_030000,30000,original_to_clone,same-number-shuffled,object_relative,304,0.1789199239329288
step_030000,30000,original_to_clone,opposite-number-shuffled,object_relative,304,0.14349549538210818
step_030000,30000,clone_to_original,clean,object_relative,304,0.17541186589943736
step_030000,30000,clone_to_original,opposite-number,object_relative,304,0.04886507674267417
step_030000,30000,clone_to_original,same-number-shuffled,object_relative,304,0.17432557281694913
step_030000,30000,clone_to_original,opposite-number-shuffled,object_relative,304,0.041251844481418005
step_050000,50000,original_to_original,clean,object_relative,304,0.4269558379524632
step_050000,50000,original_to_original,opposite-number,object_relative,304,9.411259701377467e-08
step_050000,50000,original_to_original,same-number-shuffled,object_relative,304,0.42527688647571366
step_050000,50000,original_to_original,opposite-number-shuffled,object_relative,304,0.003562528836099725
step_050000,50000,clone_to_clone,clean,object_relative,304,0.37306997023130717
step_050000,50000,clone_to_clone,opposite-number,object_relative,304,1.8822519402754933e-08
step_050000,50000,clone_to_clone,same-number-shuffled,object_relative,304,0.37654075026512146
step_050000,50000,clone_to_clone,opposite-number-shuffled,object_relative,304,-0.007685229966514989
step_050000,50000,original_to_clone,clean,object_relative,304,0.22153983304375097
step_050000,50000,original_to_clone,opposite-number,object_relative,304,0.19524073130206057
step_050000,50000,original_to_clone,same-number-shuffled,object_relative,304,0.2165791109988564
step_050000,50000,original_to_clone,opposite-number-shuffled,object_relative,304,0.18590010937891507
step_050000,50000,clone_to_original,clean,object_relative,304,0.32341609659947845
step_050000,50000,clone_to_original,opposite-number,object_relative,304,0.1737669471063112
step_050000,50000,clone_to_original,same-number-shuffled,object_relative,304,0.3214733537874724
step_050000,50000,clone_to_original,opposite-number-shuffled,object_relative,304,0.1695196299176467
step_065000,65000,original_to_original,clean,object_relative,304,0.5947646733961607
step_065000,65000,original_to_original,opposite-number,object_relative,304,1.1607220298365543e-07
step_065000,65000,original_to_original,same-number-shuffled,object_relative,304,0.5771087345324064
step_065000,65000,original_to_original,opposite-number-shuffled,object_relative,304,0.00661823780913102
step_065000,65000,clone_to_clone,clean,object_relative,304,0.3665006270534114
step_065000,65000,clone_to_clone,opposite-number,object_relative,304,1.5999141492341694e-07
step_065000,65000,clone_to_clone,same-number-shuffled,object_relative,304,0.36934886166923925
step_065000,65000,clone_to_clone,opposite-number-shuffled,object_relative,304,-0.004568661514081453
step_065000,65000,original_to_clone,clean,object_relative,304,0.21557801648190147
step_065000,65000,original_to_clone,opposite-number,object_relative,304,0.2006314804679469
step_065000,65000,original_to_clone,same-number-shuffled,object_relative,304,0.21338045910785072
step_065000,65000,original_to_clone,opposite-number-shuffled,object_relative,304,0.19546027403128774
step_065000,65000,clone_to_original,clean,object_relative,304,0.42571571312452616
step_065000,65000,clone_to_original,opposite-number,object_relative,304,0.21814934830916555
step_065000,65000,clone_to_original,same-number-shuffled,object_relative,304,0.4251212493369454
step_065000,65000,clone_to_original,opposite-number-shuffled,object_relative,304,0.21743809235723396
best,77500,original_to_original,clean,object_relative,304,0.5464936683052465
best,77500,original_to_original,opposite-number,object_relative,304,-2.713579880563836e-07
best,77500,original_to_original,same-number-shuffled,object_relative,304,0.5332675231130499
best,77500,original_to_original,opposite-number-shuffled,object_relative,304,0.006294451261821546
best,77500,clone_to_clone,clean,object_relative,304,0.3933200679327312
best,77500,clone_to_clone,opposite-number,object_relative,304,1.552857850727282e-07
best,77500,clone_to_clone,same-number-shuffled,object_relative,304,0.395330033804241
best,77500,clone_to_clone,opposite-number-shuffled,object_relative,304,-0.007342379344137092
best,77500,original_to_clone,clean,object_relative,304,0.22272692542327077
best,77500,original_to_clone,opposite-number,object_relative,304,0.23043966607043617
best,77500,original_to_clone,same-number-shuffled,object_relative,304,0.21903731007325022
best,77500,original_to_clone,opposite-number-shuffled,object_relative,304,0.22404860195360685
best,77500,clone_to_original,clean,object_relative,304,0.4065998839704614
best,77500,clone_to_original,opposite-number,object_relative,304,0.18603978658977308
best,77500,clone_to_original,same-number-shuffled,object_relative,304,0.40514444520598963
best,77500,clone_to_original,opposite-number-shuffled,object_relative,304,0.18588590308239586
step_005000,5000,original_to_original,clean,subject_relative,288,0.00202003452512953
step_005000,5000,original_to_original,opposite-number,subject_relative,288,5.463759104410807e-08
step_005000,5000,original_to_original,same-number-shuffled,subject_relative,288,0.0008140388462278578
step_005000,5000,original_to_original,opposite-number-shuffled,subject_relative,288,-0.0012428032027350531
step_005000,5000,clone_to_clone,clean,subject_relative,288,0.027416835228602093
step_005000,5000,clone_to_clone,opposite-number,subject_relative,288,1.225206587049696e-07
step_005000,5000,clone_to_clone,same-number-shuffled,subject_relative,288,0.02701970438162486
step_005000,5000,clone_to_clone,opposite-number-shuffled,subject_relative,288,0.0006754928165011936
step_005000,5000,original_to_clone,clean,subject_relative,288,0.01263631714714898
step_005000,5000,original_to_clone,opposite-number,subject_relative,288,0.013986484871970283
step_005000,5000,original_to_clone,same-number-shuffled,subject_relative,288,0.012925767236285739
step_005000,5000,original_to_clone,opposite-number-shuffled,subject_relative,288,0.014023890097935995
step_005000,5000,clone_to_original,clean,subject_relative,288,0.003187449442015754
step_005000,5000,clone_to_original,opposite-number,subject_relative,288,-0.0013134396738476222
step_005000,5000,clone_to_original,same-number-shuffled,subject_relative,288,0.0034333020448684692
step_005000,5000,clone_to_original,opposite-number-shuffled,subject_relative,288,-0.0007948395278718737
step_015000,15000,original_to_original,clean,subject_relative,288,0.007078948948118422
step_015000,15000,original_to_original,opposite-number,subject_relative,288,1.241763432820638e-07
step_015000,15000,original_to_original,same-number-shuffled,subject_relative,288,0.007171092761887444
step_015000,15000,original_to_original,opposite-number-shuffled,subject_relative,288,0.002306868632634481
step_015000,15000,clone_to_clone,clean,subject_relative,288,0.3188713143269221
step_015000,15000,clone_to_clone,opposite-number,subject_relative,288,-1.556343502468533e-07
step_015000,15000,clone_to_clone,same-number-shuffled,subject_relative,288,0.3170030050807529
step_015000,15000,clone_to_clone,opposite-number-shuffled,subject_relative,288,0.011846782432662116
step_015000,15000,original_to_clone,clean,subject_relative,288,0.16801641219192082
step_015000,15000,original_to_clone,opposite-number,subject_relative,288,0.16958393984370762
step_015000,15000,original_to_clone,same-number-shuffled,subject_relative,288,0.1663578384452396
step_015000,15000,original_to_clone,opposite-number-shuffled,subject_relative,288,0.16779727737108865
step_015000,15000,clone_to_original,clean,subject_relative,288,0.02292711204952664
step_015000,15000,clone_to_original,opposite-number,subject_relative,288,-0.0195759783188502
step_015000,15000,clone_to_original,same-number-shuffled,subject_relative,288,0.02737231718169318
step_015000,15000,clone_to_original,opposite-number-shuffled,subject_relative,288,-0.019301778740353055
step_030000,30000,original_to_original,clean,subject_relative,288,0.1195730749103758
step_030000,30000,original_to_original,opposite-number,subject_relative,288,-1.1755360497368707e-07
step_030000,30000,original_to_original,same-number-shuffled,subject_relative,288,0.11498292121622297
step_030000,30000,original_to_original,opposite-number-shuffled,subject_relative,288,0.006495937705039978
step_030000,30000,clone_to_clone,clean,subject_relative,288,0.45659957495000625
step_030000,30000,clone_to_clone,opposite-number,subject_relative,288,1.25832027859158e-07
step_030000,30000,clone_to_clone,same-number-shuffled,subject_relative,288,0.4476207776202096
step_030000,30000,clone_to_clone,opposite-number-shuffled,subject_relative,288,0.01146251294347975
step_030000,30000,original_to_clone,clean,subject_relative,288,0.24310101899835798
step_030000,30000,original_to_clone,opposite-number,subject_relative,288,0.21228879855738747
step_030000,30000,original_to_clone,same-number-shuffled,subject_relative,288,0.24020934601624808
step_030000,30000,original_to_clone,opposite-number-shuffled,subject_relative,288,0.21487846473852792
step_030000,30000,clone_to_original,clean,subject_relative,288,0.14995009203751883
step_030000,30000,clone_to_original,opposite-number,subject_relative,288,-0.01676704486211141
step_030000,30000,clone_to_original,same-number-shuffled,subject_relative,288,0.1517665684223175
step_030000,30000,clone_to_original,opposite-number-shuffled,subject_relative,288,-0.018857639696862962
step_050000,50000,original_to_original,clean,subject_relative,288,0.5766110287772285
step_050000,50000,original_to_original,opposite-number,subject_relative,288,-2.930561701456706e-07
step_050000,50000,original_to_original,same-number-shuffled,subject_relative,288,0.56427929798762
step_050000,50000,original_to_original,opposite-number-shuffled,subject_relative,288,0.020643462737401325
step_050000,50000,clone_to_clone,clean,subject_relative,288,0.3837638265556759
step_050000,50000,clone_to_clone,opposite-number,subject_relative,288,3.361039691501194e-07
step_050000,50000,clone_to_clone,same-number-shuffled,subject_relative,288,0.3675783856047524
step_050000,50000,clone_to_clone,opposite-number-shuffled,subject_relative,288,0.028413800729645625
step_050000,50000,original_to_clone,clean,subject_relative,288,0.24040326144960192
step_050000,50000,original_to_clone,opposite-number,subject_relative,288,0.17053352958626217
step_050000,50000,original_to_clone,same-number-shuffled,subject_relative,288,0.2410254610909356
step_050000,50000,original_to_clone,opposite-number-shuffled,subject_relative,288,0.1721386197540495
step_050000,50000,clone_to_original,clean,subject_relative,288,0.3946903761890199
step_050000,50000,clone_to_original,opposite-number,subject_relative,288,0.2138453589545356
step_050000,50000,clone_to_original,same-number-shuffled,subject_relative,288,0.3962220930390888
step_050000,50000,clone_to_original,opposite-number-shuffled,subject_relative,288,0.21405535770787132
step_065000,65000,original_to_original,clean,subject_relative,288,0.7870283176501592
step_065000,65000,original_to_original,opposite-number,subject_relative,288,-1.142422358194987e-07
step_065000,65000,original_to_original,same-number-shuffled,subject_relative,288,0.7654709799422158
step_065000,65000,original_to_original,opposite-number-shuffled,subject_relative,288,0.019023160139719646
step_065000,65000,clone_to_clone,clean,subject_relative,288,0.48808938761552173
step_065000,65000,clone_to_clone,opposite-number,subject_relative,288,1.7053551144070096e-07
step_065000,65000,clone_to_clone,same-number-shuffled,subject_relative,288,0.47832104563713074
step_065000,65000,clone_to_clone,opposite-number-shuffled,subject_relative,288,0.0141253090567059
step_065000,65000,original_to_clone,clean,subject_relative,288,0.284938524166743
step_065000,65000,original_to_clone,opposite-number,subject_relative,288,0.2251074794265959
step_065000,65000,original_to_clone,same-number-shuffled,subject_relative,288,0.28251699606577557
step_065000,65000,original_to_clone,opposite-number-shuffled,subject_relative,288,0.22530734373463523
step_065000,65000,clone_to_original,clean,subject_relative,288,0.527669863568412
step_065000,65000,clone_to_original,opposite-number,subject_relative,288,0.2797660165362888
step_065000,65000,clone_to_original,same-number-shuffled,subject_relative,288,0.5269559919834137
step_065000,65000,clone_to_original,opposite-number-shuffled,subject_relative,288,0.2849723829163445
best,77500,original_to_original,clean,subject_relative,288,0.7610123886002435
best,77500,original_to_original,opposite-number,subject_relative,288,-6.953875223795573e-08
best,77500,original_to_original,same-number-shuffled,subject_relative,288,0.7439869940280914
best,77500,original_to_original,opposite-number-shuffled,subject_relative,288,0.019809785816404555
best,77500,clone_to_clone,clean,subject_relative,288,0.4998703963226742
best,77500,clone_to_clone,opposite-number,subject_relative,288,2.6490953233506943e-08
best,77500,clone_to_clone,same-number-shuffled,subject_relative,288,0.48572448558277553
best,77500,clone_to_clone,opposite-number-shuffled,subject_relative,288,0.01906236343913608
best,77500,original_to_clone,clean,subject_relative,288,0.2756245964103275
best,77500,original_to_clone,opposite-number,subject_relative,288,0.24643001125918496
best,77500,original_to_clone,same-number-shuffled,subject_relative,288,0.27320950395531124
best,77500,original_to_clone,opposite-number-shuffled,subject_relative,288,0.24541035460101235
best,77500,clone_to_original,clean,subject_relative,288,0.5153633339537514
best,77500,clone_to_original,opposite-number,subject_relative,288,0.26806745595402187
best,77500,clone_to_original,same-number-shuffled,subject_relative,288,0.5154801408449808
best,77500,clone_to_original,opposite-number-shuffled,subject_relative,288,0.2686273372835583
