checkpoint,step,direction,layer,head,mean
step_005000,5000,original_to_clone,0,0,0.0028091285142812644
step_005000,5000,original_to_clone,0,1,0.007934075486552608
step_005000,5000,original_to_clone,0,2,0.005753080318639944
step_005000,5000,original_to_clone,0,3,7.185850057516011e-05
step_005000,5000,original_to_clone,0,4,-0.008691367265340444
step_005000,5000,original_to_clone,0,5,-0.0013042342018436742
step_005000,5000,original_to_clone,0,6,-0.0017005814625336243
step_005000,5000,original_to_clone,0,7,-0.002919957175985113
step_005000,5000,original_to_clone,1,0,0.0016382733980814617
step_005000,5000,original_to_clone,1,1,-0.00032601619625950717
step_005000,5000,original_to_clone,1,2,0.0005577241515254115
step_005000,5000,original_to_clone,1,3,0.0006198453473615217
step_005000,5000,original_to_clone,1,4,0.0016512492218533077
step_005000,5000,original_to_clone,1,5,0.00018229812115162344
step_005000,5000,original_to_clone,1,6,0.002883794608416858
step_005000,5000,original_to_clone,1,7,-0.00028553766173285405
step_005000,5000,original_to_clone,2,0,0.0004951851861970919
step_005000,5000,original_to_clone,2,1,-0.0005363996501441474
step_005000,5000,original_to_clone,2,2,4.910456167685019e-05
step_005000,5000,original_to_clone,2,3,0.0007005728579856254
step_005000,5000,original_to_clone,2,4,0.00029534208881962405
step_005000,5000,original_to_clone,2,5,-0.0004988156997405731
step_005000,5000,original_to_clone,2,6,-0.00016245541271862684
step_005000,5000,original_to_clone,2,7,0.0015188557607633574
step_005000,5000,original_to_clone,3,0,0.00012938960178478345
step_005000,5000,original_to_clone,3,1,-0.0012355924726606489
step_005000,5000,original_to_clone,3,2,0.0002779394119709462
step_005000,5000,original_to_clone,3,3,-0.003075485830908423
step_005000,5000,original_to_clone,3,4,-0.0012607523449906359
step_005000,5000,original_to_clone,3,5,-0.00019092763866390193
step_005000,5000,original_to_clone,3,6,0.0007546992452294977
step_005000,5000,original_to_clone,3,7,-0.0012717247009277344
step_005000,5000,original_to_clone,4,0,-0.0014544204548672514
step_005000,5000,original_to_clone,4,1,-0.0016422951006674553
step_005000,5000,original_to_clone,4,2,-0.0017724794310492438
step_005000,5000,original_to_clone,4,3,-0.002269955637218716
step_005000,5000,original_to_clone,4,4,-0.00047338894895605137
step_005000,5000,original_to_clone,4,5,-6.934087555687706e-05
step_005000,5000,original_to_clone,4,6,-0.0006862502914291244
step_005000,5000,original_to_clone,4,7,0.0007936753131247855
step_005000,5000,original_to_clone,5,0,0.0007155320128879032
step_005000,5000,original_to_clone,5,1,-0.004144619714032422
step_005000,5000,original_to_clone,5,2,-0.0009066639719782648
step_005000,5000,original_to_clone,5,3,0.004059450583414988
step_005000,5000,original_to_clone,5,4,-0.008083641260593862
step_005000,5000,original_to_clone,5,5,0.0003104910657212541
step_005000,5000,original_to_clone,5,6,-0.0002764801721315126
step_005000,5000,original_to_clone,5,7,-0.004726008520470009
step_005000,5000,original_to_clone,6,0,-0.0005174743699597883
step_005000,5000,original_to_clone,6,1,-0.002214070107485797
step_005000,5000,original_to_clone,6,2,-0.002561283004176509
step_005000,5000,original_to_clone,6,3,-0.005773448729300284
step_005000,5000,original_to_clone,6,4,0.00024265426773208756
step_005000,5000,original_to_clone,6,5,-0.001949487237242965
step_005000,5000,original_to_clone,6,6,-0.0012325835120570552
step_005000,5000,original_to_clone,6,7,-0.0028081359090031803
step_005000,5000,original_to_clone,7,0,0.0032854252033405478
step_005000,5000,original_to_clone,7,1,0.0006730873305518348
step_005000,5000,original_to_clone,7,2,0.004746449691755278
step_005000,5000,original_to_clone,7,3,0.006652302301681794
step_005000,5000,original_to_clone,7,4,0.0057034073649226006
step_005000,5000,original_to_clone,7,5,0.0015131965413823858
step_005000,5000,original_to_clone,7,6,0.00033414068522754015
step_005000,5000,original_to_clone,7,7,-0.004280313178225681
step_005000,5000,original_to_clone,8,0,0.0034368346940289746
step_005000,5000,original_to_clone,8,1,0.0029508831264736415
step_005000,5000,original_to_clone,8,2,0.000501035838513761
step_005000,5000,original_to_clone,8,3,-0.0021117259790231517
step_005000,5000,original_to_clone,8,4,-0.00098585438083958
step_005000,5000,original_to_clone,8,5,0.007113760924554086
step_005000,5000,original_to_clone,8,6,-0.002066020493034844
step_005000,5000,original_to_clone,8,7,0.004338978915601163
step_005000,5000,original_to_clone,9,0,-0.005601012223475688
step_005000,5000,original_to_clone,9,1,-0.000601765808758435
step_005000,5000,original_to_clone,9,2,-0.00481421507156647
step_005000,5000,original_to_clone,9,3,0.00027866782368840396
step_005000,5000,original_to_clone,9,4,-0.0010266969869802663
step_005000,5000,original_to_clone,9,5,0.00030023154911694227
step_005000,5000,original_to_clone,9,6,0.0031135828645379696
step_005000,5000,original_to_clone,9,7,0.0004530436283833272
step_005000,5000,original_to_clone,10,0,0.0014854137961928908
step_005000,5000,original_to_clone,10,1,0.004545170713115383
step_005000,5000,original_to_clone,10,2,-0.005019774039586385
step_005000,5000,original_to_clone,10,3,0.00018315728720243987
step_005000,5000,original_to_clone,10,4,-0.002207226849891044
step_005000,5000,original_to_clone,10,5,-0.0019817124078939626
step_005000,5000,original_to_clone,10,6,0.001917677151190268
step_005000,5000,original_to_clone,10,7,-0.0015553378307067596
step_005000,5000,original_to_clone,11,0,0.004849525990786853
step_005000,5000,original_to_clone,11,1,0.0034105600537480533
step_005000,5000,original_to_clone,11,2,0.00017497426754719503
step_005000,5000,original_to_clone,11,3,0.007838383182749018
step_005000,5000,original_to_clone,11,4,-0.003610486651326085
step_005000,5000,original_to_clone,11,5,0.0013535473797772382
step_005000,5000,original_to_clone,11,6,-0.0030366139368967968
step_005000,5000,original_to_clone,11,7,0.001418789227803548
step_005000,5000,clone_to_original,0,0,0.004173664896337835
step_005000,5000,clone_to_original,0,1,0.0031940314146849487
step_005000,5000,clone_to_original,0,2,0.007864820527600812
step_005000,5000,clone_to_original,0,3,0.00423471347705738
step_005000,5000,clone_to_original,0,4,-0.004488411787393931
step_005000,5000,clone_to_original,0,5,-0.0008586886766794565
step_005000,5000,clone_to_original,0,6,-0.001992597236289634
step_005000,5000,clone_to_original,0,7,-0.0024303885193558425
step_005000,5000,clone_to_original,1,0,0.0016593320949657544
step_005000,5000,clone_to_original,1,1,0.0013239442765175758
step_005000,5000,clone_to_original,1,2,0.0005120022876842602
step_005000,5000,clone_to_original,1,3,0.0010079913311176472
step_005000,5000,clone_to_original,1,4,0.002605290563256891
step_005000,5000,clone_to_original,1,5,0.001002626913087862
step_005000,5000,clone_to_original,1,6,0.0035349544104155118
step_005000,5000,clone_to_original,1,7,0.0018225800883662593
step_005000,5000,clone_to_original,2,0,-0.0013059742815859682
step_005000,5000,clone_to_original,2,1,-0.0004412580180812526
step_005000,5000,clone_to_original,2,2,-0.0015152988133129773
step_005000,5000,clone_to_original,2,3,-0.0004718926575806764
step_005000,5000,clone_to_original,2,4,-0.00034515492550961607
step_005000,5000,clone_to_original,2,5,0.00013971543526864266
step_005000,5000,clone_to_original,2,6,0.00076172534409944
step_005000,5000,clone_to_original,2,7,0.001830302380226754
step_005000,5000,clone_to_original,3,0,0.0015988022357493908
step_005000,5000,clone_to_original,3,1,0.0004073719720582704
step_005000,5000,clone_to_original,3,2,-0.0003510165858913112
step_005000,5000,clone_to_original,3,3,-0.0007712051675126359
step_005000,5000,clone_to_original,3,4,0.001611719797323416
step_005000,5000,clone_to_original,3,5,0.001512508671562951
step_005000,5000,clone_to_original,3,6,0.00409918110649865
step_005000,5000,clone_to_original,3,7,-0.0009820042429743586
step_005000,5000,clone_to_original,4,0,0.0002728888580390999
step_005000,5000,clone_to_original,4,1,-0.0005566424077695554
step_005000,5000,clone_to_original,4,2,0.003397891650328765
step_005000,5000,clone_to_original,4,3,0.0026688076354361868
step_005000,5000,clone_to_original,4,4,1.2532010808721319e-05
step_005000,5000,clone_to_original,4,5,-0.0003416532868737573
step_005000,5000,clone_to_original,4,6,-0.00065406270929285
step_005000,5000,clone_to_original,4,7,0.0029322574804495046
step_005000,5000,clone_to_original,5,0,0.0016190103582433752
step_005000,5000,clone_to_original,5,1,-0.0019238473058820844
step_005000,5000,clone_to_original,5,2,-0.0033196710251473093
step_005000,5000,clone_to_original,5,3,-0.0050302937224104595
step_005000,5000,clone_to_original,5,4,0.00012152205716382275
step_005000,5000,clone_to_original,5,5,-0.0019774453060047046
step_005000,5000,clone_to_original,5,6,-0.00021169905189995293
step_005000,5000,clone_to_original,5,7,-0.001200263027672295
step_005000,5000,clone_to_original,6,0,0.00020978096369150522
step_005000,5000,clone_to_original,6,1,0.0017111269203392235
step_005000,5000,clone_to_original,6,2,0.002551492807027456
step_005000,5000,clone_to_original,6,3,-0.00069134944194072
step_005000,5000,clone_to_original,6,4,0.0013338268340170921
step_005000,5000,clone_to_original,6,5,0.0046967353906717385
step_005000,5000,clone_to_original,6,6,0.000361157430184854
step_005000,5000,clone_to_original,6,7,0.0025013432846413
step_005000,5000,clone_to_original,7,0,-0.00017385869412808806
step_005000,5000,clone_to_original,7,1,-0.0008758387050113162
step_005000,5000,clone_to_original,7,2,-0.0015515427331666688
step_005000,5000,clone_to_original,7,3,-0.002409736852388124
step_005000,5000,clone_to_original,7,4,0.002194369698429967
step_005000,5000,clone_to_original,7,5,0.003964403728107075
step_005000,5000,clone_to_original,7,6,-0.0020880632035367125
step_005000,5000,clone_to_original,7,7,0.0008379462602976206
step_005000,5000,clone_to_original,8,0,0.0004738349098343033
step_005000,5000,clone_to_original,8,1,0.002122962797010267
step_005000,5000,clone_to_original,8,2,0.0017370613845618995
step_005000,5000,clone_to_original,8,3,0.00403650816496428
step_005000,5000,clone_to_original,8,4,0.000853867144198031
step_005000,5000,clone_to_original,8,5,-0.00696757731136975
step_005000,5000,clone_to_original,8,6,-0.007138321528563628
step_005000,5000,clone_to_original,8,7,0.0015857525773950525
step_005000,5000,clone_to_original,9,0,0.0015218214945750194
step_005000,5000,clone_to_original,9,1,0.002207296388643282
step_005000,5000,clone_to_original,9,2,-0.004766058277439427
step_005000,5000,clone_to_original,9,3,-0.004017491598387022
step_005000,5000,clone_to_original,9,4,0.003041217992971609
step_005000,5000,clone_to_original,9,5,-0.0022650350321520556
step_005000,5000,clone_to_original,9,6,-0.002258330315082997
step_005000,5000,clone_to_original,9,7,0.0016497824643109296
step_005000,5000,clone_to_original,10,0,-0.0006767822815491272
step_005000,5000,clone_to_original,10,1,0.004093377439825384
step_005000,5000,clone_to_original,10,2,0.00565564793509406
step_005000,5000,clone_to_original,10,3,0.001798527734773653
step_005000,5000,clone_to_original,10,4,0.0004891162520056372
step_005000,5000,clone_to_original,10,5,0.000969768644453169
step_005000,5000,clone_to_original,10,6,0.005443319007083103
step_005000,5000,clone_to_original,10,7,-0.004463999658017545
step_005000,5000,clone_to_original,11,0,-0.004618995361499958
step_005000,5000,clone_to_original,11,1,-0.001497941511171358
step_005000,5000,clone_to_original,11,2,-0.0011495625650560534
step_005000,5000,clone_to_original,11,3,-0.0016022652119129627
step_005000,5000,clone_to_original,11,4,-1.7349247459892753e-05
step_005000,5000,clone_to_original,11,5,-0.0026498383229917235
step_005000,5000,clone_to_original,11,6,0.0027278822821539804
step_005000,5000,clone_to_original,11,7,0.0002803721943417111
step_015000,15000,original_to_clone,0,0,-0.00226484118281184
step_015000,15000,original_to_clone,0,1,-0.0031152335373131005
step_015000,15000,original_to_clone,0,2,-0.011493106683095297
step_015000,15000,original_to_clone,0,3,-5.63634408486856e-05
step_015000,15000,original_to_clone,0,4,-0.007555573910206287
step_015000,15000,original_to_clone,0,5,5.6898271715318834e-05
step_015000,15000,original_to_clone,0,6,0.0003822456609021436
step_015000,15000,original_to_clone,0,7,0.0010302308443430309
step_015000,15000,original_to_clone,1,0,0.00015572545764682528
step_015000,15000,original_to_clone,1,1,0.00018755917076591973
step_015000,15000,original_to_clone,1,2,-0.00020057070362675299
step_015000,15000,original_to_clone,1,3,-0.00047591892448631495
step_015000,15000,original_to_clone,1,4,0.0022250064858445177
step_015000,15000,original_to_clone,1,5,-0.0014742441005534954
step_015000,15000,original_to_clone,1,6,0.0004132379282702197
step_015000,15000,original_to_clone,1,7,-0.0003292168582881893
step_015000,15000,original_to_clone,2,0,-0.001110798066800779
step_015000,15000,original_to_clone,2,1,0.0003561522509600665
step_015000,15000,original_to_clone,2,2,-0.0008624861906240652
step_015000,15000,original_to_clone,2,3,0.0005967101535281619
step_015000,15000,original_to_clone,2,4,-0.0001310421539856507
step_015000,15000,original_to_clone,2,5,0.00026685643840480497
step_015000,15000,original_to_clone,2,6,0.0007476661656353925
step_015000,15000,original_to_clone,2,7,-0.00014590948551624746
step_015000,15000,original_to_clone,3,0,-0.000994289780522252
step_015000,15000,original_to_clone,3,1,-0.0011824036503697301
step_015000,15000,original_to_clone,3,2,0.000210513939728608
step_015000,15000,original_to_clone,3,3,-0.0030521047007930173
step_015000,15000,original_to_clone,3,4,-0.0004964406425888474
step_015000,15000,original_to_clone,3,5,-0.0018290823644345946
step_015000,15000,original_to_clone,3,6,0.003428054822457803
step_015000,15000,original_to_clone,3,7,-0.0016587967271203393
step_015000,15000,original_to_clone,4,0,-0.001026274384679021
step_015000,15000,original_to_clone,4,1,0.0005017384752496943
step_015000,15000,original_to_clone,4,2,-0.0001966002825144175
step_015000,15000,original_to_clone,4,3,0.0015205289866473224
step_015000,15000,original_to_clone,4,4,0.0005290341806841326
step_015000,15000,original_to_clone,4,5,-0.0006878338418565354
step_015000,15000,original_to_clone,4,6,0.0014036995870573027
step_015000,15000,original_to_clone,4,7,0.00031477051812249263
step_015000,15000,original_to_clone,5,0,-0.0007699169554151931
step_015000,15000,original_to_clone,5,1,0.0011938176713548266
step_015000,15000,original_to_clone,5,2,0.00019868429716642913
step_015000,15000,original_to_clone,5,3,0.0020726946023133424
step_015000,15000,original_to_clone,5,4,-0.0019039925154264983
step_015000,15000,original_to_clone,5,5,0.0018276792388778548
step_015000,15000,original_to_clone,5,6,-0.006452984638042278
step_015000,15000,original_to_clone,5,7,0.004389825167956653
step_015000,15000,original_to_clone,6,0,-0.0003522913735192101
step_015000,15000,original_to_clone,6,1,-0.004266913946684416
step_015000,15000,original_to_clone,6,2,-0.000670520034996239
step_015000,15000,original_to_clone,6,3,-0.0018660635561556429
step_015000,15000,original_to_clone,6,4,0.0015588751784316054
step_015000,15000,original_to_clone,6,5,0.0009125492594263575
step_015000,15000,original_to_clone,6,6,-0.00046053716728279185
step_015000,15000,original_to_clone,6,7,-0.006287755192937078
step_015000,15000,original_to_clone,7,0,0.002701184771082423
step_015000,15000,original_to_clone,7,1,-0.0033122854189829784
step_015000,15000,original_to_clone,7,2,0.009824485392183871
step_015000,15000,original_to_clone,7,3,-0.00035224895219545106
step_015000,15000,original_to_clone,7,4,0.007906850930806753
step_015000,15000,original_to_clone,7,5,-0.00420912267925503
step_015000,15000,original_to_clone,7,6,0.0019412314569627917
step_015000,15000,original_to_clone,7,7,0.0038210046183955564
step_015000,15000,original_to_clone,8,0,0.0070241909843307354
step_015000,15000,original_to_clone,8,1,0.0016450522182224034
step_015000,15000,original_to_clone,8,2,0.005655382130597089
step_015000,15000,original_to_clone,8,3,-0.0013562478460707105
step_015000,15000,original_to_clone,8,4,-0.0025040109952290854
step_015000,15000,original_to_clone,8,5,0.021812866936932813
step_015000,15000,original_to_clone,8,6,0.0016880728103019097
step_015000,15000,original_to_clone,8,7,0.001958714412139343
step_015000,15000,original_to_clone,9,0,0.002980368094401317
step_015000,15000,original_to_clone,9,1,-0.007741012014784255
step_015000,15000,original_to_clone,9,2,5.671730986586562e-05
step_015000,15000,original_to_clone,9,3,0.0009713108475143845
step_015000,15000,original_to_clone,9,4,0.0008957890776900558
step_015000,15000,original_to_clone,9,5,0.001207691055160385
step_015000,15000,original_to_clone,9,6,-0.0070449113845825195
step_015000,15000,original_to_clone,9,7,-0.002017147906191714
step_015000,15000,original_to_clone,10,0,-0.001097277478054837
step_015000,15000,original_to_clone,10,1,-0.0006316255878757786
step_015000,15000,original_to_clone,10,2,0.005812541321591214
step_015000,15000,original_to_clone,10,3,-0.004666523890452342
step_015000,15000,original_to_clone,10,4,0.009686672472739005
step_015000,15000,original_to_clone,10,5,0.0014109128230326885
step_015000,15000,original_to_clone,10,6,0.01902370732109826
step_015000,15000,original_to_clone,10,7,-0.0010202322994266545
step_015000,15000,original_to_clone,11,0,0.002069458768174455
step_015000,15000,original_to_clone,11,1,-0.002653633152042423
step_015000,15000,original_to_clone,11,2,0.0008377346906576071
step_015000,15000,original_to_clone,11,3,0.010727961858113607
step_015000,15000,original_to_clone,11,4,-0.0029705354759285043
step_015000,15000,original_to_clone,11,5,-0.0005214208955163354
step_015000,15000,original_to_clone,11,6,-0.004023309226508613
step_015000,15000,original_to_clone,11,7,0.00017407724449226448
step_015000,15000,clone_to_original,0,0,-0.0009615136696411682
step_015000,15000,clone_to_original,0,1,0.000601647136447666
step_015000,15000,clone_to_original,0,2,0.007259942389823295
step_015000,15000,clone_to_original,0,3,0.002913207621187777
step_015000,15000,clone_to_original,0,4,-0.006842862915348362
step_015000,15000,clone_to_original,0,5,-0.0017556236670897888
step_015000,15000,clone_to_original,0,6,0.00012062852447097366
step_015000,15000,clone_to_original,0,7,-4.262107986587662e-05
step_015000,15000,clone_to_original,1,0,0.0016060079540218318
step_015000,15000,clone_to_original,1,1,9.060442984641136e-06
step_015000,15000,clone_to_original,1,2,0.0011568842707453547
step_015000,15000,clone_to_original,1,3,-0.00013717606260969833
step_015000,15000,clone_to_original,1,4,0.0007099809947314563
step_015000,15000,clone_to_original,1,5,-0.0006972707069671906
step_015000,15000,clone_to_original,1,6,-0.0008514824214282336
step_015000,15000,clone_to_original,1,7,0.0009492023571117504
step_015000,15000,clone_to_original,2,0,-0.0016705243437139838
step_015000,15000,clone_to_original,2,1,0.0009645642461003484
step_015000,15000,clone_to_original,2,2,-0.0007765250163035349
step_015000,15000,clone_to_original,2,3,-1.2968574558292423e-05
step_015000,15000,clone_to_original,2,4,-0.00020507595560572168
step_015000,15000,clone_to_original,2,5,0.00047814684945183834
step_015000,15000,clone_to_original,2,6,0.0005186973391352473
step_015000,15000,clone_to_original,2,7,0.0009067525734772553
step_015000,15000,clone_to_original,3,0,-0.0015520099047068004
step_015000,15000,clone_to_original,3,1,-0.000314633051554362
step_015000,15000,clone_to_original,3,2,-0.00039513315166439023
step_015000,15000,clone_to_original,3,3,-0.001592426686673551
step_015000,15000,clone_to_original,3,4,0.0005141389262568844
step_015000,15000,clone_to_original,3,5,0.0008416095295467892
step_015000,15000,clone_to_original,3,6,0.00025933927243894286
step_015000,15000,clone_to_original,3,7,-0.001261829255937456
step_015000,15000,clone_to_original,4,0,0.00040027901932999894
step_015000,15000,clone_to_original,4,1,0.0039368030187245965
step_015000,15000,clone_to_original,4,2,-0.0011239851917232478
step_015000,15000,clone_to_original,4,3,0.0008150741860673234
step_015000,15000,clone_to_original,4,4,-0.0008629044970950565
step_015000,15000,clone_to_original,4,5,0.0007930859789118036
step_015000,15000,clone_to_original,4,6,0.0011406395886395429
step_015000,15000,clone_to_original,4,7,-0.001550948834634042
step_015000,15000,clone_to_original,5,0,0.0007062226802379162
step_015000,15000,clone_to_original,5,1,-0.003514079897253363
step_015000,15000,clone_to_original,5,2,0.0027710124179049656
step_015000,15000,clone_to_original,5,3,0.004040589203705659
step_015000,15000,clone_to_original,5,4,-0.004152476787567139
step_015000,15000,clone_to_original,5,5,-0.002072300996866312
step_015000,15000,clone_to_original,5,6,-0.0040460975320489555
step_015000,15000,clone_to_original,5,7,0.0002099774979256295
step_015000,15000,clone_to_original,6,0,0.00021993523245459205
step_015000,15000,clone_to_original,6,1,-0.003532613719905819
step_015000,15000,clone_to_original,6,2,-0.0021029721509228955
step_015000,15000,clone_to_original,6,3,-0.001995987183338887
step_015000,15000,clone_to_original,6,4,-0.00030633189656712986
step_015000,15000,clone_to_original,6,5,0.005380764200880721
step_015000,15000,clone_to_original,6,6,0.0017736205109604845
step_015000,15000,clone_to_original,6,7,0.005878427544155637
step_015000,15000,clone_to_original,7,0,0.002292397859934214
step_015000,15000,clone_to_original,7,1,-0.009026898994102134
step_015000,15000,clone_to_original,7,2,-0.0029328132534886266
step_015000,15000,clone_to_original,7,3,-0.004886498322358003
step_015000,15000,clone_to_original,7,4,0.0025605634526089504
step_015000,15000,clone_to_original,7,5,0.001236416735090651
step_015000,15000,clone_to_original,7,6,-0.0026121144896155005
step_015000,15000,clone_to_original,7,7,-0.005666900862444629
step_015000,15000,clone_to_original,8,0,0.0032164164491601892
step_015000,15000,clone_to_original,8,1,0.0002487221279659787
step_015000,15000,clone_to_original,8,2,-0.005074121930577734
step_015000,15000,clone_to_original,8,3,0.04640172945486533
step_015000,15000,clone_to_original,8,4,-0.0013474365612408062
step_015000,15000,clone_to_original,8,5,0.000275493742109419
step_015000,15000,clone_to_original,8,6,-0.0010511483158077205
step_015000,15000,clone_to_original,8,7,-0.0009807520084552936
step_015000,15000,clone_to_original,9,0,-0.0030917095708417465
step_015000,15000,clone_to_original,9,1,-0.0011515977146389247
step_015000,15000,clone_to_original,9,2,-0.009838077399107787
step_015000,15000,clone_to_original,9,3,-0.0068339243665471805
step_015000,15000,clone_to_original,9,4,-0.0003632580911791002
step_015000,15000,clone_to_original,9,5,-0.004480474704020732
step_015000,15000,clone_to_original,9,6,0.006513546179006765
step_015000,15000,clone_to_original,9,7,-0.001612534931114128
step_015000,15000,clone_to_original,10,0,-0.0031660295821524954
step_015000,15000,clone_to_original,10,1,0.006025358900293574
step_015000,15000,clone_to_original,10,2,0.0009007416329942307
step_015000,15000,clone_to_original,10,3,-0.005291671366304965
step_015000,15000,clone_to_original,10,4,0.005466238872424976
step_015000,15000,clone_to_original,10,5,0.0005530462608681069
step_015000,15000,clone_to_original,10,6,-0.011333542364137666
step_015000,15000,clone_to_original,10,7,-0.008436772200438354
step_015000,15000,clone_to_original,11,0,-0.0028297315846692334
step_015000,15000,clone_to_original,11,1,-0.000842983121270532
step_015000,15000,clone_to_original,11,2,-0.003580708224494178
step_015000,15000,clone_to_original,11,3,0.0005669545482944797
step_015000,15000,clone_to_original,11,4,-0.003126176627906593
step_015000,15000,clone_to_original,11,5,0.0002237558364868164
step_015000,15000,clone_to_original,11,6,0.002523204227825543
step_015000,15000,clone_to_original,11,7,0.00314018371942881
step_030000,30000,original_to_clone,0,0,-0.0015248688491615089
step_030000,30000,original_to_clone,0,1,-0.00014369605897783159
step_030000,30000,original_to_clone,0,2,-0.0038937410792788943
step_030000,30000,original_to_clone,0,3,-0.0004971124030448295
step_030000,30000,original_to_clone,0,4,-0.0014696497100967546
step_030000,30000,original_to_clone,0,5,0.0005608856141030252
step_030000,30000,original_to_clone,0,6,-2.8073250710427224e-06
step_030000,30000,original_to_clone,0,7,-0.0006956474201099292
step_030000,30000,original_to_clone,1,0,-0.0007185586937912949
step_030000,30000,original_to_clone,1,1,0.0007780242610622097
step_030000,30000,original_to_clone,1,2,-0.0004864791492084125
step_030000,30000,original_to_clone,1,3,-0.00019430792009508287
step_030000,30000,original_to_clone,1,4,-0.0007848771842750343
step_030000,30000,original_to_clone,1,5,-0.0014760628476873175
step_030000,30000,original_to_clone,1,6,-0.00260072355871802
step_030000,30000,original_to_clone,1,7,-0.0009614588978054287
step_030000,30000,original_to_clone,2,0,-0.0013717670698423644
step_030000,30000,original_to_clone,2,1,0.0004511094308114267
step_030000,30000,original_to_clone,2,2,-0.0017968990781285742
step_030000,30000,original_to_clone,2,3,-0.0009386995891193012
step_030000,30000,original_to_clone,2,4,-0.00025131788339700787
step_030000,30000,original_to_clone,2,5,-0.0004916787147521973
step_030000,30000,original_to_clone,2,6,-0.0010207311527149097
step_030000,30000,original_to_clone,2,7,-0.00010797032364853867
step_030000,30000,original_to_clone,3,0,-0.00028096877776824676
step_030000,30000,original_to_clone,3,1,-0.0017371397834640364
step_030000,30000,original_to_clone,3,2,-0.0013739595542082916
step_030000,30000,original_to_clone,3,3,-0.0024294616939785243
step_030000,30000,original_to_clone,3,4,-0.0015762518118093679
step_030000,30000,original_to_clone,3,5,-0.00016613532831003
step_030000,30000,original_to_clone,3,6,-0.005199610113023638
step_030000,30000,original_to_clone,3,7,7.450043618142068e-06
step_030000,30000,original_to_clone,4,0,-0.0016910374701560081
step_030000,30000,original_to_clone,4,1,-0.0017272239332800513
step_030000,30000,original_to_clone,4,2,0.0019548331295047793
step_030000,30000,original_to_clone,4,3,0.002454136405979191
step_030000,30000,original_to_clone,4,4,-0.0004256313985532469
step_030000,30000,original_to_clone,4,5,-0.00016700415997891814
step_030000,30000,original_to_clone,4,6,-0.0019040027180233516
step_030000,30000,original_to_clone,4,7,0.00048255759316521724
step_030000,30000,original_to_clone,5,0,-0.0011182959015304979
step_030000,30000,original_to_clone,5,1,0.0042996116586633635
step_030000,30000,original_to_clone,5,2,-0.0017344602593430528
step_030000,30000,original_to_clone,5,3,-0.0032996374207573966
step_030000,30000,original_to_clone,5,4,-0.0021992089512111903
step_030000,30000,original_to_clone,5,5,0.007571457205591975
step_030000,30000,original_to_clone,5,6,0.0010008817320471411
step_030000,30000,original_to_clone,5,7,0.012485797877784248
step_030000,30000,original_to_clone,6,0,-0.0034886555628733593
step_030000,30000,original_to_clone,6,1,-0.0037672288782961733
step_030000,30000,original_to_clone,6,2,-0.003578211273158993
step_030000,30000,original_to_clone,6,3,-0.0036122487471984314
step_030000,30000,original_to_clone,6,4,0.001145612012158643
step_030000,30000,original_to_clone,6,5,-0.0021582347852689724
step_030000,30000,original_to_clone,6,6,-0.00024616933083749035
step_030000,30000,original_to_clone,6,7,-0.0015736023585001628
step_030000,30000,original_to_clone,7,0,-0.00011076315029247387
step_030000,30000,original_to_clone,7,1,-0.002426105039613741
step_030000,30000,original_to_clone,7,2,0.006103044694608396
step_030000,30000,original_to_clone,7,3,-0.00022302769325874947
step_030000,30000,original_to_clone,7,4,-0.0019911205446397936
step_030000,30000,original_to_clone,7,5,0.0007001016591046307
step_030000,30000,original_to_clone,7,6,0.001584790311418138
step_030000,30000,original_to_clone,7,7,-0.0038714124275757386
step_030000,30000,original_to_clone,8,0,0.027992427349090576
step_030000,30000,original_to_clone,8,1,-0.0017912307301083126
step_030000,30000,original_to_clone,8,2,0.03045702249080211
step_030000,30000,original_to_clone,8,3,0.029400357254990586
step_030000,30000,original_to_clone,8,4,-0.00016584374883153418
step_030000,30000,original_to_clone,8,5,-0.0018906598692541724
step_030000,30000,original_to_clone,8,6,-0.0011595170777123254
step_030000,30000,original_to_clone,8,7,0.003782983298774238
step_030000,30000,original_to_clone,9,0,0.014048053337647035
step_030000,30000,original_to_clone,9,1,-0.010672733590409562
step_030000,30000,original_to_clone,9,2,-0.008097321063548595
step_030000,30000,original_to_clone,9,3,7.709404369732281e-05
step_030000,30000,original_to_clone,9,4,-0.003974621360366409
step_030000,30000,original_to_clone,9,5,-0.001051265914160926
step_030000,30000,original_to_clone,9,6,-0.005928669426892255
step_030000,30000,original_to_clone,9,7,-0.002141082072043204
step_030000,30000,original_to_clone,10,0,-0.012274091845160132
step_030000,30000,original_to_clone,10,1,-0.005799291907130061
step_030000,30000,original_to_clone,10,2,0.005190651696007531
step_030000,30000,original_to_clone,10,3,-0.004280023746662312
step_030000,30000,original_to_clone,10,4,-0.0034934207125827
step_030000,30000,original_to_clone,10,5,-0.0068434535920082985
step_030000,30000,original_to_clone,10,6,0.0018198087408735945
step_030000,30000,original_to_clone,10,7,-0.00032380411216804576
step_030000,30000,original_to_clone,11,0,0.0015015623590967676
step_030000,30000,original_to_clone,11,1,-0.009788199587985201
step_030000,30000,original_to_clone,11,2,0.0007915545154262234
step_030000,30000,original_to_clone,11,3,8.065850885064752e-05
step_030000,30000,original_to_clone,11,4,-0.014318951615342149
step_030000,30000,original_to_clone,11,5,-0.0066059774106687254
step_030000,30000,original_to_clone,11,6,-0.005512328298242243
step_030000,30000,original_to_clone,11,7,-0.0023825850572671975
step_030000,30000,clone_to_original,0,0,-0.002324304602167628
step_030000,30000,clone_to_original,0,1,0.0009947327880172041
step_030000,30000,clone_to_original,0,2,0.0047973099055590935
step_030000,30000,clone_to_original,0,3,-3.708643956227346e-05
step_030000,30000,clone_to_original,0,4,0.008360841789761105
step_030000,30000,clone_to_original,0,5,0.0017618622865762797
step_030000,30000,clone_to_original,0,6,0.0013307767945366937
step_030000,30000,clone_to_original,0,7,-0.0009041058050619589
step_030000,30000,clone_to_original,1,0,0.0004505004968729105
step_030000,30000,clone_to_original,1,1,-0.0012879403861793311
step_030000,30000,clone_to_original,1,2,-0.0005108037510433713
step_030000,30000,clone_to_original,1,3,-0.00020882890031144425
step_030000,30000,clone_to_original,1,4,-0.0009127715686420063
step_030000,30000,clone_to_original,1,5,-0.00011847362861976967
step_030000,30000,clone_to_original,1,6,0.0004238727930429819
step_030000,30000,clone_to_original,1,7,0.0001998307468654873
step_030000,30000,clone_to_original,2,0,0.0013367114840327082
step_030000,30000,clone_to_original,2,1,0.00011026912981325442
step_030000,30000,clone_to_original,2,2,0.002324400184390781
step_030000,30000,clone_to_original,2,3,0.00046148171295990815
step_030000,30000,clone_to_original,2,4,0.00019607511726585594
step_030000,30000,clone_to_original,2,5,0.0005723560178602064
step_030000,30000,clone_to_original,2,6,0.0004020612519066613
step_030000,30000,clone_to_original,2,7,9.967453844912418e-05
step_030000,30000,clone_to_original,3,0,0.001480720601640306
step_030000,30000,clone_to_original,3,1,4.385988991539757e-05
step_030000,30000,clone_to_original,3,2,0.0009418478957167617
step_030000,30000,clone_to_original,3,3,-0.0016613565049729906
step_030000,30000,clone_to_original,3,4,0.0017280111441741119
step_030000,30000,clone_to_original,3,5,0.0006916603526553592
step_030000,30000,clone_to_original,3,6,-0.0025117220105351627
step_030000,30000,clone_to_original,3,7,-0.0021995472478436996
step_030000,30000,clone_to_original,4,0,-0.0012525357641615309
step_030000,30000,clone_to_original,4,1,0.004970300841975857
step_030000,30000,clone_to_original,4,2,-0.0007122534889358658
step_030000,30000,clone_to_original,4,3,-0.0035040228216497746
step_030000,30000,clone_to_original,4,4,-0.0010737169970263232
step_030000,30000,clone_to_original,4,5,0.0013561254149084693
step_030000,30000,clone_to_original,4,6,0.0030822098792136253
step_030000,30000,clone_to_original,4,7,0.0006098736513842334
step_030000,30000,clone_to_original,5,0,-0.001996047324962444
step_030000,30000,clone_to_original,5,1,-0.0028637325441515124
step_030000,30000,clone_to_original,5,2,0.007437658739519549
step_030000,30000,clone_to_original,5,3,0.008808745457245424
step_030000,30000,clone_to_original,5,4,-0.0018356259878691253
step_030000,30000,clone_to_original,5,5,-0.00208175397134042
step_030000,30000,clone_to_original,5,6,-0.0026188524993690284
step_030000,30000,clone_to_original,5,7,0.008718225333067748
step_030000,30000,clone_to_original,6,0,0.00118011880565334
step_030000,30000,clone_to_original,6,1,-0.004398421124295071
step_030000,30000,clone_to_original,6,2,0.0004199184812940993
step_030000,30000,clone_to_original,6,3,-0.002573652310414357
step_030000,30000,clone_to_original,6,4,-0.0069565644135346286
step_030000,30000,clone_to_original,6,5,0.016591444208815292
step_030000,30000,clone_to_original,6,6,0.005616632667747703
step_030000,30000,clone_to_original,6,7,0.0005094253265105926
step_030000,30000,clone_to_original,7,0,0.001915298603676461
step_030000,30000,clone_to_original,7,1,-0.01161519310495875
step_030000,30000,clone_to_original,7,2,-0.0004876196921408713
step_030000,30000,clone_to_original,7,3,0.0072259962021767555
step_030000,30000,clone_to_original,7,4,0.00357368346807119
step_030000,30000,clone_to_original,7,5,0.005347538101780522
step_030000,30000,clone_to_original,7,6,0.004059489782866057
step_030000,30000,clone_to_original,7,7,0.016632838292164845
step_030000,30000,clone_to_original,8,0,0.001049536842483658
step_030000,30000,clone_to_original,8,1,0.001607405172811972
step_030000,30000,clone_to_original,8,2,-0.008788901406365473
step_030000,30000,clone_to_original,8,3,0.15659298875310398
step_030000,30000,clone_to_original,8,4,0.0009835706100807533
step_030000,30000,clone_to_original,8,5,-0.008326122352668832
step_030000,30000,clone_to_original,8,6,-0.0007800728351146252
step_030000,30000,clone_to_original,8,7,-0.0038972035184636844
step_030000,30000,clone_to_original,9,0,0.005444812345075178
step_030000,30000,clone_to_original,9,1,-0.001531843666557793
step_030000,30000,clone_to_original,9,2,-0.008962892197273873
step_030000,30000,clone_to_original,9,3,-0.005228269744563747
step_030000,30000,clone_to_original,9,4,-0.00347769528895885
step_030000,30000,clone_to_original,9,5,-0.0028259007780401554
step_030000,30000,clone_to_original,9,6,0.00599543199882851
step_030000,30000,clone_to_original,9,7,-0.000907967219481597
step_030000,30000,clone_to_original,10,0,-0.0018500669582470044
step_030000,30000,clone_to_original,10,1,0.03532335350105354
step_030000,30000,clone_to_original,10,2,0.009294006738576803
step_030000,30000,clone_to_original,10,3,-0.008327687645817662
step_030000,30000,clone_to_original,10,4,6.920314049935555e-05
step_030000,30000,clone_to_original,10,5,-0.0030944594391831407
step_030000,30000,clone_to_original,10,6,-0.0035358382774902893
step_030000,30000,clone_to_original,10,7,-0.005239762164450981
step_030000,30000,clone_to_original,11,0,-0.004570039005966874
step_030000,30000,clone_to_original,11,1,0.0008093548250627948
step_030000,30000,clone_to_original,11,2,0.00017927144024823164
step_030000,30000,clone_to_original,11,3,-0.008618657653396195
step_030000,30000,clone_to_original,11,4,-0.005012653432450853
step_030000,30000,clone_to_original,11,5,-0.0001368764284494761
step_030000,30000,clone_to_original,11,6,0.004191420099756739
step_030000,30000,clone_to_original,11,7,0.005256202306833353
step_050000,50000,original_to_clone,0,0,-0.0008962396028879526
step_050000,50000,original_to_clone,0,1,0.0003473957379659017
step_050000,50000,original_to_clone,0,2,-0.001649922615772969
step_050000,50000,original_to_clone,0,3,-0.00038439411300796646
step_050000,50000,original_to_clone,0,4,-0.0015095993205233736
step_050000,50000,original_to_clone,0,5,-0.00010233902716421867
step_050000,50000,original_to_clone,0,6,-0.0007166787310763522
step_050000,50000,original_to_clone,0,7,4.493706935160869e-05
step_050000,50000,original_to_clone,1,0,-0.00044328028017336183
step_050000,50000,original_to_clone,1,1,0.0011178588008021449
step_050000,50000,original_to_clone,1,2,8.287730517688098e-05
step_050000,50000,original_to_clone,1,3,-0.00036487063846072634
step_050000,50000,original_to_clone,1,4,0.001518083585275186
step_050000,50000,original_to_clone,1,5,0.0004786698667852728
step_050000,50000,original_to_clone,1,6,-0.0015347240207431554
step_050000,50000,original_to_clone,1,7,5.4588725974967885e-05
step_050000,50000,original_to_clone,2,0,-0.0014983963321995091
step_050000,50000,original_to_clone,2,1,-0.0001777850829803192
step_050000,50000,original_to_clone,2,2,-0.0015689821930618974
step_050000,50000,original_to_clone,2,3,-0.00010346077583931588
step_050000,50000,original_to_clone,2,4,0.00022676721349492804
step_050000,50000,original_to_clone,2,5,-0.00034485260645548504
step_050000,50000,original_to_clone,2,6,-0.0008577392981933044
step_050000,50000,original_to_clone,2,7,0.0002451028909769144
step_050000,50000,original_to_clone,3,0,0.0025606316489142343
step_050000,50000,original_to_clone,3,1,-0.0017548987457344123
step_050000,50000,original_to_clone,3,2,-0.0009096409823443439
step_050000,50000,original_to_clone,3,3,-0.0021485492989823623
step_050000,50000,original_to_clone,3,4,-0.0012582567361024049
step_050000,50000,original_to_clone,3,5,-0.000262743717915303
step_050000,50000,original_to_clone,3,6,-0.0025154115917446376
step_050000,50000,original_to_clone,3,7,-0.0017517869536941115
step_050000,50000,original_to_clone,4,0,0.0012805961273811958
step_050000,50000,original_to_clone,4,1,-0.0012768512373571997
step_050000,50000,original_to_clone,4,2,-3.611021213703327e-05
step_050000,50000,original_to_clone,4,3,-0.0005155511804529138
step_050000,50000,original_to_clone,4,4,0.0014499103700792468
step_050000,50000,original_to_clone,4,5,0.00023797557160661027
step_050000,50000,original_to_clone,4,6,-0.0039044382335903407
step_050000,50000,original_to_clone,4,7,0.0014547168671547829
step_050000,50000,original_to_clone,5,0,-0.0016451612249151007
step_050000,50000,original_to_clone,5,1,0.0042076207496024465
step_050000,50000,original_to_clone,5,2,0.005744985631994299
step_050000,50000,original_to_clone,5,3,-0.001777348754642246
step_050000,50000,original_to_clone,5,4,0.0021494589410386645
step_050000,50000,original_to_clone,5,5,-0.00244768729081025
step_050000,50000,original_to_clone,5,6,0.0007425181500546567
step_050000,50000,original_to_clone,5,7,0.00806937024400041
step_050000,50000,original_to_clone,6,0,-0.005231366501198159
step_050000,50000,original_to_clone,6,1,0.0017006735543946962
step_050000,50000,original_to_clone,6,2,-0.0004121129577224319
step_050000,50000,original_to_clone,6,3,0.005165563510344909
step_050000,50000,original_to_clone,6,4,0.0016765283034728454
step_050000,50000,original_to_clone,6,5,0.0002815653611947824
step_050000,50000,original_to_clone,6,6,-0.01112295271040083
step_050000,50000,original_to_clone,6,7,-0.000445954434506528
step_050000,50000,original_to_clone,7,0,0.0005746188464465442
step_050000,50000,original_to_clone,7,1,-0.003204085805394628
step_050000,50000,original_to_clone,7,2,0.011748911024213911
step_050000,50000,original_to_clone,7,3,0.0009681679107047416
step_050000,50000,original_to_clone,7,4,-0.0058975294903591945
step_050000,50000,original_to_clone,7,5,0.005153148560910611
step_050000,50000,original_to_clone,7,6,0.005475787966101019
step_050000,50000,original_to_clone,7,7,-7.960603043839738e-05
step_050000,50000,original_to_clone,8,0,0.028140259755624307
step_050000,50000,original_to_clone,8,1,-0.0018688021479426203
step_050000,50000,original_to_clone,8,2,0.03193825912905169
step_050000,50000,original_to_clone,8,3,0.07763885431461506
step_050000,50000,original_to_clone,8,4,-0.002706763980624912
step_050000,50000,original_to_clone,8,5,-0.0019216097152984894
step_050000,50000,original_to_clone,8,6,-0.0016882269232122748
step_050000,50000,original_to_clone,8,7,-0.0067880400666245466
step_050000,50000,original_to_clone,9,0,0.019735682655025174
step_050000,50000,original_to_clone,9,1,-0.013577745304451333
step_050000,50000,original_to_clone,9,2,0.0022361101330937564
step_050000,50000,original_to_clone,9,3,0.0026666854952906703
step_050000,50000,original_to_clone,9,4,-0.0009862340248382843
step_050000,50000,original_to_clone,9,5,0.00033887173678423906
step_050000,50000,original_to_clone,9,6,-0.00566245682604678
step_050000,50000,original_to_clone,9,7,-3.057234996073955e-05
step_050000,50000,original_to_clone,10,0,-0.00865941487991058
step_050000,50000,original_to_clone,10,1,0.0013321374987696742
step_050000,50000,original_to_clone,10,2,0.010742398532661231
step_050000,50000,original_to_clone,10,3,-0.0006293031546446655
step_050000,50000,original_to_clone,10,4,-0.0039688123239053266
step_050000,50000,original_to_clone,10,5,-0.0009571947492994704
step_050000,50000,original_to_clone,10,6,0.007802896671466999
step_050000,50000,original_to_clone,10,7,-0.0009212676469270173
step_050000,50000,original_to_clone,11,0,0.00723010355287844
step_050000,50000,original_to_clone,11,1,-0.0012254838470940118
step_050000,50000,original_to_clone,11,2,-0.002469734028652982
step_050000,50000,original_to_clone,11,3,0.00034516620206403304
step_050000,50000,original_to_clone,11,4,-0.006701426463084178
step_050000,50000,original_to_clone,11,5,6.810072306040172e-05
step_050000,50000,original_to_clone,11,6,-0.0073245522138234735
step_050000,50000,original_to_clone,11,7,-0.006507434823491552
step_050000,50000,clone_to_original,0,0,-0.0017031629880269368
step_050000,50000,clone_to_original,0,1,-9.80695088704427e-05
step_050000,50000,clone_to_original,0,2,0.0004939270449114276
step_050000,50000,clone_to_original,0,3,-0.0010891411755536054
step_050000,50000,clone_to_original,0,4,0.0032850616687052957
step_050000,50000,clone_to_original,0,5,0.0009323095416163539
step_050000,50000,clone_to_original,0,6,-0.0017176265115136499
step_050000,50000,clone_to_original,0,7,-0.0002857049306233724
step_050000,50000,clone_to_original,1,0,0.0023219682074881887
step_050000,50000,clone_to_original,1,1,0.000682503790468783
step_050000,50000,clone_to_original,1,2,0.00047134977203231674
step_050000,50000,clone_to_original,1,3,-0.00012886792689830332
step_050000,50000,clone_to_original,1,4,0.0008325259964745324
step_050000,50000,clone_to_original,1,5,-0.00037833001162554766
step_050000,50000,clone_to_original,1,6,0.0010473679851841283
step_050000,50000,clone_to_original,1,7,0.0003426010544235642
step_050000,50000,clone_to_original,2,0,0.0012874984526419426
step_050000,50000,clone_to_original,2,1,0.0012072593242198498
step_050000,50000,clone_to_original,2,2,0.0012843018179541235
step_050000,50000,clone_to_original,2,3,0.0002022557430439167
step_050000,50000,clone_to_original,2,4,0.00018028203431550446
step_050000,50000,clone_to_original,2,5,0.00028758167146562455
step_050000,50000,clone_to_original,2,6,0.0011629435393187377
step_050000,50000,clone_to_original,2,7,-0.0006823947837760856
step_050000,50000,clone_to_original,3,0,0.002303627160218385
step_050000,50000,clone_to_original,3,1,0.00030137558241148253
step_050000,50000,clone_to_original,3,2,0.0005150152756287171
step_050000,50000,clone_to_original,3,3,-0.0007339780395095413
step_050000,50000,clone_to_original,3,4,0.0013078918328156342
step_050000,50000,clone_to_original,3,5,0.0004460961969049127
step_050000,50000,clone_to_original,3,6,-0.0024280548095703125
step_050000,50000,clone_to_original,3,7,-0.002347084853026244
step_050000,50000,clone_to_original,4,0,0.001738984305579383
step_050000,50000,clone_to_original,4,1,0.006243691788063393
step_050000,50000,clone_to_original,4,2,0.0010742480690414842
step_050000,50000,clone_to_original,4,3,-0.0002899223619753176
step_050000,50000,clone_to_original,4,4,0.000143966159305057
step_050000,50000,clone_to_original,4,5,0.002161893758687887
step_050000,50000,clone_to_original,4,6,-0.00052791994971198
step_050000,50000,clone_to_original,4,7,-4.04382611180211e-05
step_050000,50000,clone_to_original,5,0,0.0006071769439422333
step_050000,50000,clone_to_original,5,1,-0.002483170311730187
step_050000,50000,clone_to_original,5,2,0.00819105930156536
step_050000,50000,clone_to_original,5,3,0.006629902500290054
step_050000,50000,clone_to_original,5,4,-0.0015163357193405565
step_050000,50000,clone_to_original,5,5,-0.0035886254396524514
step_050000,50000,clone_to_original,5,6,0.00234424047641926
step_050000,50000,clone_to_original,5,7,0.0036453647656483693
step_050000,50000,clone_to_original,6,0,0.0021103416477237734
step_050000,50000,clone_to_original,6,1,0.0012560706954818587
step_050000,50000,clone_to_original,6,2,-0.002464305710148167
step_050000,50000,clone_to_original,6,3,0.00035879203865120006
step_050000,50000,clone_to_original,6,4,0.0007081670804066701
step_050000,50000,clone_to_original,6,5,0.014714412861042194
step_050000,50000,clone_to_original,6,6,0.003881747121209497
step_050000,50000,clone_to_original,6,7,0.0002148167507068531
step_050000,50000,clone_to_original,7,0,0.003608097364236643
step_050000,50000,clone_to_original,7,1,-0.012222966095348736
step_050000,50000,clone_to_original,7,2,-5.0183352049406585e-05
step_050000,50000,clone_to_original,7,3,0.00593104126217129
step_050000,50000,clone_to_original,7,4,0.011181358818535332
step_050000,50000,clone_to_original,7,5,0.005082718960873716
step_050000,50000,clone_to_original,7,6,0.002075242566632795
step_050000,50000,clone_to_original,7,7,0.005027245830845188
step_050000,50000,clone_to_original,8,0,0.0040517363462362205
step_050000,50000,clone_to_original,8,1,0.00043762535662264436
step_050000,50000,clone_to_original,8,2,-0.0011330305993019997
step_050000,50000,clone_to_original,8,3,0.17383532158963316
step_050000,50000,clone_to_original,8,4,0.0006726314355661203
step_050000,50000,clone_to_original,8,5,-0.009728200800784
step_050000,50000,clone_to_original,8,6,0.0014743804931640625
step_050000,50000,clone_to_original,8,7,-0.0016529194943539732
step_050000,50000,clone_to_original,9,0,0.021688365721487784
step_050000,50000,clone_to_original,9,1,-0.0009374344671094739
step_050000,50000,clone_to_original,9,2,0.0020729797380464573
step_050000,50000,clone_to_original,9,3,-0.002431245537491532
step_050000,50000,clone_to_original,9,4,0.00037459532419840497
step_050000,50000,clone_to_original,9,5,-0.0007394111908233917
step_050000,50000,clone_to_original,9,6,-0.0009553513011416873
step_050000,50000,clone_to_original,9,7,-0.000844091982454867
step_050000,50000,clone_to_original,10,0,-0.007146969571843877
step_050000,50000,clone_to_original,10,1,0.052014395460352164
step_050000,50000,clone_to_original,10,2,0.0017558008700877697
step_050000,50000,clone_to_original,10,3,0.007709765219473624
step_050000,50000,clone_to_original,10,4,0.0011888135660876025
step_050000,50000,clone_to_original,10,5,-0.0026311718665801725
step_050000,50000,clone_to_original,10,6,0.0062950828053929785
step_050000,50000,clone_to_original,10,7,-0.0006790102065146506
step_050000,50000,clone_to_original,11,0,-3.7054220835367836e-05
step_050000,50000,clone_to_original,11,1,0.002739494985288328
step_050000,50000,clone_to_original,11,2,0.0016072897223738936
step_050000,50000,clone_to_original,11,3,-0.009172362787229521
step_050000,50000,clone_to_original,11,4,-0.0030444312740016627
step_050000,50000,clone_to_original,11,5,-0.0022364779635592625
step_050000,50000,clone_to_original,11,6,0.0004986159436337583
step_050000,50000,clone_to_original,11,7,0.004859747113408269
step_065000,65000,original_to_clone,0,0,0.0010528172458614314
step_065000,65000,original_to_clone,0,1,0.00078339941866763
step_065000,65000,original_to_clone,0,2,-0.0022143920262654624
step_065000,65000,original_to_clone,0,3,4.4757718438500753e-05
step_065000,65000,original_to_clone,0,4,-0.002153091065518491
step_065000,65000,original_to_clone,0,5,-0.00028468735583193666
step_065000,65000,original_to_clone,0,6,-0.0008921005704381445
step_065000,65000,original_to_clone,0,7,-0.0005593954979836404
step_065000,65000,original_to_clone,1,0,-0.0001650887566643792
step_065000,65000,original_to_clone,1,1,-0.0002489718230994972
step_065000,65000,original_to_clone,1,2,0.0001554430068076194
step_065000,65000,original_to_clone,1,3,1.8191230189692868e-05
step_065000,65000,original_to_clone,1,4,0.00038266557830948013
step_065000,65000,original_to_clone,1,5,0.0003188236339672192
step_065000,65000,original_to_clone,1,6,-0.0024020172454215383
step_065000,65000,original_to_clone,1,7,0.0001616961247212178
step_065000,65000,original_to_clone,2,0,-0.0018960914096316777
step_065000,65000,original_to_clone,2,1,-0.00019691011927149316
step_065000,65000,original_to_clone,2,2,-0.0008623170423078107
step_065000,65000,original_to_clone,2,3,-0.00024110132509523683
step_065000,65000,original_to_clone,2,4,0.00029126427195093655
step_065000,65000,original_to_clone,2,5,-6.325502653379699e-05
step_065000,65000,original_to_clone,2,6,-0.001754433722109408
step_065000,65000,original_to_clone,2,7,0.000638400649165248
step_065000,65000,original_to_clone,3,0,0.0029429680592304953
step_065000,65000,original_to_clone,3,1,-0.0005431019508086883
step_065000,65000,original_to_clone,3,2,-0.0007627251985910776
step_065000,65000,original_to_clone,3,3,-0.0033793841396366152
step_065000,65000,original_to_clone,3,4,-0.0005654445639601699
step_065000,65000,original_to_clone,3,5,-0.00013331196329615137
step_065000,65000,original_to_clone,3,6,-0.0030134390066335866
step_065000,65000,original_to_clone,3,7,-0.0025757008844667726
step_065000,65000,original_to_clone,4,0,0.002387611178664474
step_065000,65000,original_to_clone,4,1,-0.0028611094028026134
step_065000,65000,original_to_clone,4,2,-0.00010798052624539212
step_065000,65000,original_to_clone,4,3,-0.0009030490308194547
step_065000,65000,original_to_clone,4,4,0.0015532562324592658
step_065000,65000,original_to_clone,4,5,0.0006304726944313393
step_065000,65000,original_to_clone,4,6,-0.004094270972518233
step_065000,65000,original_to_clone,4,7,-0.00012265239749942815
step_065000,65000,original_to_clone,5,0,-0.0009882444733971948
step_065000,65000,original_to_clone,5,1,0.002658476700653901
step_065000,65000,original_to_clone,5,2,0.008468421729835304
step_065000,65000,original_to_clone,5,3,-0.0010646087629301055
step_065000,65000,original_to_clone,5,4,-0.001643941746101723
step_065000,65000,original_to_clone,5,5,-0.0025810508040694504
step_065000,65000,original_to_clone,5,6,0.003707997970752888
step_065000,65000,original_to_clone,5,7,0.006763812657949087
step_065000,65000,original_to_clone,6,0,-0.0045263219524074244
step_065000,65000,original_to_clone,6,1,-0.0050641486236641
step_065000,65000,original_to_clone,6,2,-0.0005620626715926437
step_065000,65000,original_to_clone,6,3,0.002782970398395985
step_065000,65000,original_to_clone,6,4,0.0005282013265936224
step_065000,65000,original_to_clone,6,5,0.0008257316039489196
step_065000,65000,original_to_clone,6,6,-0.012732820467905956
step_065000,65000,original_to_clone,6,7,-0.0006255287307876724
step_065000,65000,original_to_clone,7,0,-0.0005916120769741299
step_065000,65000,original_to_clone,7,1,-0.005573224376987766
step_065000,65000,original_to_clone,7,2,0.007045167523461419
step_065000,65000,original_to_clone,7,3,0.004196638459557886
step_065000,65000,original_to_clone,7,4,0.0040140490274171575
step_065000,65000,original_to_clone,7,5,0.007729957769582937
step_065000,65000,original_to_clone,7,6,0.00705549684730736
step_065000,65000,original_to_clone,7,7,-0.0005495816737681896
step_065000,65000,original_to_clone,8,0,0.03331523972588617
step_065000,65000,original_to_clone,8,1,-0.003099140283223745
step_065000,65000,original_to_clone,8,2,0.00837869526029707
step_065000,65000,original_to_clone,8,3,0.06027911804817818
step_065000,65000,original_to_clone,8,4,-0.0016068751747543748
step_065000,65000,original_to_clone,8,5,-0.006673030488125913
step_065000,65000,original_to_clone,8,6,-0.004033456514547537
step_065000,65000,original_to_clone,8,7,-0.002800111298088555
step_065000,65000,original_to_clone,9,0,0.02284762666032121
step_065000,65000,original_to_clone,9,1,-0.024858231480057176
step_065000,65000,original_to_clone,9,2,0.00512439979089273
step_065000,65000,original_to_clone,9,3,0.001723694371747541
step_065000,65000,original_to_clone,9,4,-0.008252707150605347
step_065000,65000,original_to_clone,9,5,-0.0009390185545156668
step_065000,65000,original_to_clone,9,6,-0.011257824060079214
step_065000,65000,original_to_clone,9,7,-0.0006668256209777282
step_065000,65000,original_to_clone,10,0,-1.8814125576534787e-05
step_065000,65000,original_to_clone,10,1,-0.001582924310151521
step_065000,65000,original_to_clone,10,2,0.012171025211746627
step_065000,65000,original_to_clone,10,3,-0.002978386642696621
step_065000,65000,original_to_clone,10,4,-0.0030804604023426502
step_065000,65000,original_to_clone,10,5,0.0020024105235263035
step_065000,65000,original_to_clone,10,6,0.0013159916207597063
step_065000,65000,original_to_clone,10,7,3.1204373986871394e-05
step_065000,65000,original_to_clone,11,0,0.00852011184434633
step_065000,65000,original_to_clone,11,1,-0.0027142317445428524
step_065000,65000,original_to_clone,11,2,-0.0014974099021774153
step_065000,65000,original_to_clone,11,3,-0.0030376599715636657
step_065000,65000,original_to_clone,11,4,-0.015704756384497292
step_065000,65000,original_to_clone,11,5,0.0035223150038504385
step_065000,65000,original_to_clone,11,6,-0.006512350327259785
step_065000,65000,original_to_clone,11,7,-0.007050564697196892
step_065000,65000,clone_to_original,0,0,-0.00275801538347124
step_065000,65000,clone_to_original,0,1,-0.0011136043179142583
step_065000,65000,clone_to_original,0,2,0.004849775417430981
step_065000,65000,clone_to_original,0,3,-0.0010162973189139152
step_065000,65000,clone_to_original,0,4,0.002956764655070262
step_065000,65000,clone_to_original,0,5,0.00043172288585353543
step_065000,65000,clone_to_original,0,6,-0.0020497205021145107
step_065000,65000,clone_to_original,0,7,0.0017973458444749987
step_065000,65000,clone_to_original,1,0,0.002289913796089791
step_065000,65000,clone_to_original,1,1,6.561343734328811e-05
step_065000,65000,clone_to_original,1,2,-0.0005878526885230262
step_065000,65000,clone_to_original,1,3,-0.0001474495406623359
step_065000,65000,clone_to_original,1,4,-0.0004417461317938727
step_065000,65000,clone_to_original,1,5,0.00017971068889171152
step_065000,65000,clone_to_original,1,6,0.00022265127113273552
step_065000,65000,clone_to_original,1,7,-0.0001899046940846486
step_065000,65000,clone_to_original,2,0,-0.00010955978084254909
step_065000,65000,clone_to_original,2,1,0.0012752864811871503
step_065000,65000,clone_to_original,2,2,0.0011000993015529872
step_065000,65000,clone_to_original,2,3,0.0003391321714933928
step_065000,65000,clone_to_original,2,4,0.00019701214524002762
step_065000,65000,clone_to_original,2,5,-0.0001198386286830043
step_065000,65000,clone_to_original,2,6,0.0007168661366711866
step_065000,65000,clone_to_original,2,7,-0.002400996985736194
step_065000,65000,clone_to_original,3,0,0.004279194651423274
step_065000,65000,clone_to_original,3,1,0.000990864929852185
step_065000,65000,clone_to_original,3,2,-0.00027943624032510296
step_065000,65000,clone_to_original,3,3,-0.0011261395505956701
step_065000,65000,clone_to_original,3,4,4.730890463064383e-05
step_065000,65000,clone_to_original,3,5,-0.00015175503653448982
step_065000,65000,clone_to_original,3,6,-0.0049224587174149246
step_065000,65000,clone_to_original,3,7,-0.0014105122368614953
step_065000,65000,clone_to_original,4,0,0.0028289851841625867
step_065000,65000,clone_to_original,4,1,0.006884309085639748
step_065000,65000,clone_to_original,4,2,0.0015213124386899107
step_065000,65000,clone_to_original,4,3,-0.0013665428032746186
step_065000,65000,clone_to_original,4,4,0.0013482103476653228
step_065000,65000,clone_to_original,4,5,0.002568888771641362
step_065000,65000,clone_to_original,4,6,0.0015369535566450239
step_065000,65000,clone_to_original,4,7,-0.0013313814326449556
step_065000,65000,clone_to_original,5,0,0.0006715311660422935
step_065000,65000,clone_to_original,5,1,-2.7274226283167934e-05
step_065000,65000,clone_to_original,5,2,0.014105333938254966
step_065000,65000,clone_to_original,5,3,0.0052873852016689545
step_065000,65000,clone_to_original,5,4,-0.00013197488612956828
step_065000,65000,clone_to_original,5,5,-0.002514456843470668
step_065000,65000,clone_to_original,5,6,0.0019469126924738153
step_065000,65000,clone_to_original,5,7,0.005594839920868745
step_065000,65000,clone_to_original,6,0,0.0011053165873965703
step_065000,65000,clone_to_original,6,1,0.005216234976106936
step_065000,65000,clone_to_original,6,2,0.0005646036551879333
step_065000,65000,clone_to_original,6,3,0.004386621015565889
step_065000,65000,clone_to_original,6,4,0.002189973990122477
step_065000,65000,clone_to_original,6,5,0.013717790981670757
step_065000,65000,clone_to_original,6,6,0.005327556047353659
step_065000,65000,clone_to_original,6,7,-0.003895062047082025
step_065000,65000,clone_to_original,7,0,0.004262279819797825
step_065000,65000,clone_to_original,7,1,-0.013611024027472144
step_065000,65000,clone_to_original,7,2,0.004829720333889798
step_065000,65000,clone_to_original,7,3,0.01804569014557847
step_065000,65000,clone_to_original,7,4,0.011501641960831376
step_065000,65000,clone_to_original,7,5,-0.0015274318488868507
step_065000,65000,clone_to_original,7,6,0.0032374332616995046
step_065000,65000,clone_to_original,7,7,0.0141547569283494
step_065000,65000,clone_to_original,8,0,0.009461194545299083
step_065000,65000,clone_to_original,8,1,0.00099103730004113
step_065000,65000,clone_to_original,8,2,-0.010269608583536234
step_065000,65000,clone_to_original,8,3,0.2185843645989358
step_065000,65000,clone_to_original,8,4,0.002242577505541277
step_065000,65000,clone_to_original,8,5,-0.01881106426049997
step_065000,65000,clone_to_original,8,6,0.001074395738206468
step_065000,65000,clone_to_original,8,7,-0.003784102899534208
step_065000,65000,clone_to_original,9,0,0.03698900583628062
step_065000,65000,clone_to_original,9,1,-0.0013570205585376636
step_065000,65000,clone_to_original,9,2,0.001125982752791396
step_065000,65000,clone_to_original,9,3,-0.003760769560530379
step_065000,65000,clone_to_original,9,4,0.0011967297072883124
step_065000,65000,clone_to_original,9,5,0.00020859961037163262
step_065000,65000,clone_to_original,9,6,0.006277489769566167
step_065000,65000,clone_to_original,9,7,-0.0010772605200071593
step_065000,65000,clone_to_original,10,0,-0.012562484891564996
step_065000,65000,clone_to_original,10,1,0.0571259534036791
step_065000,65000,clone_to_original,10,2,0.011523130777719858
step_065000,65000,clone_to_original,10,3,0.00839917348311828
step_065000,65000,clone_to_original,10,4,-0.0009317070514232189
step_065000,65000,clone_to_original,10,5,-0.003554305514773807
step_065000,65000,clone_to_original,10,6,0.004971109532021187
step_065000,65000,clone_to_original,10,7,-0.0010167805998174994
step_065000,65000,clone_to_original,11,0,-0.0005387357763341955
step_065000,65000,clone_to_original,11,1,0.0041267372466422415
step_065000,65000,clone_to_original,11,2,-0.001049131423503429
step_065000,65000,clone_to_original,11,3,-0.008512640858555699
step_065000,65000,clone_to_original,11,4,-0.0029530455400277903
step_065000,65000,clone_to_original,11,5,-0.0021650689142244358
step_065000,65000,clone_to_original,11,6,-0.0005193658777185388
step_065000,65000,clone_to_original,11,7,0.00501048672306645
best,77500,original_to_clone,0,0,0.0005032656429050205
best,77500,original_to_clone,0,1,0.0008692553451469352
best,77500,original_to_clone,0,2,-0.003117178474460636
best,77500,original_to_clone,0,3,0.0008523056099006722
best,77500,original_to_clone,0,4,-0.0016591301909438124
best,77500,original_to_clone,0,5,8.620066685719533e-05
best,77500,original_to_clone,0,6,-0.0015090338818661802
best,77500,original_to_clone,0,7,-0.0002464061384802466
best,77500,original_to_clone,1,0,-0.00015391315425838435
best,77500,original_to_clone,1,1,-0.00025216416195706205
best,77500,original_to_clone,1,2,0.0008725019188614579
best,77500,original_to_clone,1,3,-0.00018006885373914565
best,77500,original_to_clone,1,4,0.00020787629995260153
best,77500,original_to_clone,1,5,1.7350858396238034e-05
best,77500,original_to_clone,1,6,-0.0008248133702321096
best,77500,original_to_clone,1,7,0.0003658366632891131
best,77500,original_to_clone,2,0,-0.0014507996069418418
best,77500,original_to_clone,2,1,0.000213493098009814
best,77500,original_to_clone,2,2,-0.0013453917460398632
best,77500,original_to_clone,2,3,-0.00017947602916408228
best,77500,original_to_clone,2,4,0.0002007382410066622
best,77500,original_to_clone,2,5,-0.0002567252597293338
best,77500,original_to_clone,2,6,-0.0020247746158290553
best,77500,original_to_clone,2,7,-0.00016207684267748583
best,77500,original_to_clone,3,0,0.004258156359732688
best,77500,original_to_clone,3,1,-0.0013110422873282219
best,77500,original_to_clone,3,2,-0.000968357464214703
best,77500,original_to_clone,3,3,-0.0017250056739325996
best,77500,original_to_clone,3,4,0.0007074813585023623
best,77500,original_to_clone,3,5,-4.2579195520899316e-05
best,77500,original_to_clone,3,6,-0.0034747580150226217
best,77500,original_to_clone,3,7,-0.002336335074794185
best,77500,original_to_clone,4,0,0.0018146838153804744
best,77500,original_to_clone,4,1,-0.003946665171030405
best,77500,original_to_clone,4,2,-0.0007838000048388232
best,77500,original_to_clone,4,3,-0.0018396264797932392
best,77500,original_to_clone,4,4,0.0008020132511585682
best,77500,original_to_clone,4,5,0.0008401731113055805
best,77500,original_to_clone,4,6,-0.005816717405576963
best,77500,original_to_clone,4,7,-0.0001394174120447657
best,77500,original_to_clone,5,0,0.0008582247270120157
best,77500,original_to_clone,5,1,0.0029347555057422535
best,77500,original_to_clone,5,2,0.006974000651557166
best,77500,original_to_clone,5,3,-0.001781270847664223
best,77500,original_to_clone,5,4,0.0013181255744384216
best,77500,original_to_clone,5,5,0.00032169861836476367
best,77500,original_to_clone,5,6,0.002973143581871514
best,77500,original_to_clone,5,7,0.008088579048981538
best,77500,original_to_clone,6,0,-0.0031303650624043234
best,77500,original_to_clone,6,1,-0.004526012115650349
best,77500,original_to_clone,6,2,-0.001902680676262658
best,77500,original_to_clone,6,3,0.00750162579991796
best,77500,original_to_clone,6,4,0.0016074986071199983
best,77500,original_to_clone,6,5,0.00229501402055895
best,77500,original_to_clone,6,6,-0.011566862329706416
best,77500,original_to_clone,6,7,0.00045085705078399933
best,77500,original_to_clone,7,0,-0.0015803811786411046
best,77500,original_to_clone,7,1,-0.004750110544599929
best,77500,original_to_clone,7,2,0.002340584724873036
best,77500,original_to_clone,7,3,0.0025989225318839957
best,77500,original_to_clone,7,4,-0.003690614893629744
best,77500,original_to_clone,7,5,0.004612985494974497
best,77500,original_to_clone,7,6,0.008220519031490292
best,77500,original_to_clone,7,7,0.00019612344535621437
best,77500,original_to_clone,8,0,0.03540667703559807
best,77500,original_to_clone,8,1,-0.0021723557162929225
best,77500,original_to_clone,8,2,0.01366119180713688
best,77500,original_to_clone,8,3,0.03991669846010638
best,77500,original_to_clone,8,4,-0.0018274977400496199
best,77500,original_to_clone,8,5,-0.021526085900830792
best,77500,original_to_clone,8,6,-0.003117044766743978
best,77500,original_to_clone,8,7,0.0012740245810500136
best,77500,original_to_clone,9,0,0.02158890436361502
best,77500,original_to_clone,9,1,-0.026838808983295888
best,77500,original_to_clone,9,2,0.002994139452238341
best,77500,original_to_clone,9,3,0.0016401275858148798
best,77500,original_to_clone,9,4,-0.007539931718293611
best,77500,original_to_clone,9,5,0.00038061485634193767
best,77500,original_to_clone,9,6,-0.015208962264361683
best,77500,original_to_clone,9,7,-0.0006834590757215345
best,77500,original_to_clone,10,0,-0.0018660533535587896
best,77500,original_to_clone,10,1,0.001467910435822633
best,77500,original_to_clone,10,2,0.011885594677280736
best,77500,original_to_clone,10,3,-0.001645809895283467
best,77500,original_to_clone,10,4,-0.002041478951772054
best,77500,original_to_clone,10,5,0.0030854704143764736
best,77500,original_to_clone,10,6,-0.0013460554518141188
best,77500,original_to_clone,10,7,0.0012757584855363176
best,77500,original_to_clone,11,0,0.009497380471444345
best,77500,original_to_clone,11,1,-0.005137171294238116
best,77500,original_to_clone,11,2,-0.001085405414168899
best,77500,original_to_clone,11,3,-0.0041917793385617364
best,77500,original_to_clone,11,4,-0.01360273737091202
best,77500,original_to_clone,11,5,0.00015449631321537603
best,77500,original_to_clone,11,6,-0.005001467627448005
best,77500,original_to_clone,11,7,-0.0031334602081023893
best,77500,clone_to_original,0,0,-0.0023982664486309428
best,77500,clone_to_original,0,1,-0.0010556149053144025
best,77500,clone_to_original,0,2,0.0034136111671860155
best,77500,clone_to_original,0,3,-0.00043787451477738114
best,77500,clone_to_original,0,4,0.0050526073387077266
best,77500,clone_to_original,0,5,0.0010289684072271124
best,77500,clone_to_original,0,6,-0.00045809928361360017
best,77500,clone_to_original,0,7,0.0009477321092072907
best,77500,clone_to_original,1,0,0.0018107923301490577
best,77500,clone_to_original,1,1,0.0006641600583050702
best,77500,clone_to_original,1,2,-0.0004393415408091502
best,77500,clone_to_original,1,3,-0.0001035740783622673
best,77500,clone_to_original,1,4,-0.00010222679859883076
best,77500,clone_to_original,1,5,-6.218858667322107e-05
best,77500,clone_to_original,1,6,0.0008545270911208145
best,77500,clone_to_original,1,7,-0.00015114771353231895
best,77500,clone_to_original,2,0,-0.00024309083148165865
best,77500,clone_to_original,2,1,0.001212034139547262
best,77500,clone_to_original,2,2,0.0011874555467485308
best,77500,clone_to_original,2,3,0.0005583747013195141
best,77500,clone_to_original,2,4,0.0001434984507861438
best,77500,clone_to_original,2,5,8.183556634026604e-06
best,77500,clone_to_original,2,6,0.000996921513531659
best,77500,clone_to_original,2,7,-0.0021712055077423922
best,77500,clone_to_original,3,0,0.0036084007572483373
best,77500,clone_to_original,3,1,0.0006408653817735276
best,77500,clone_to_original,3,2,-0.0006739937507354461
best,77500,clone_to_original,3,3,-0.0005572148271509119
best,77500,clone_to_original,3,4,-2.0684422673405827e-06
best,77500,clone_to_original,3,5,0.00031791291795335374
best,77500,clone_to_original,3,6,-0.005193028364095602
best,77500,clone_to_original,3,7,-0.0008147675711829383
best,77500,clone_to_original,4,0,0.0024028527844059573
best,77500,clone_to_original,4,1,0.00579322726876886
best,77500,clone_to_original,4,2,0.0029612999778610093
best,77500,clone_to_original,4,3,-0.0009743335010769131
best,77500,clone_to_original,4,4,0.0009766016994510686
best,77500,clone_to_original,4,5,0.002857599709485028
best,77500,clone_to_original,4,6,0.0006899656476201238
best,77500,clone_to_original,4,7,-1.7699894604382213e-05
best,77500,clone_to_original,5,0,0.002587956888181669
best,77500,clone_to_original,5,1,-6.638614981024115e-05
best,77500,clone_to_original,5,2,0.010184961933273453
best,77500,clone_to_original,5,3,0.0038983059359026383
best,77500,clone_to_original,5,4,4.339969909942902e-05
best,77500,clone_to_original,5,5,-0.0012548061104508134
best,77500,clone_to_original,5,6,0.0023322594058406247
best,77500,clone_to_original,5,7,0.00879153958312026
best,77500,clone_to_original,6,0,0.0016075394175074122
best,77500,clone_to_original,6,1,0.005111411348119512
best,77500,clone_to_original,6,2,-0.0001321477932972951
best,77500,clone_to_original,6,3,0.003715336322784424
best,77500,clone_to_original,6,4,0.0018080505164893897
best,77500,clone_to_original,6,5,0.012500702260850786
best,77500,clone_to_original,6,6,0.004898758084924372
best,77500,clone_to_original,6,7,-0.0015950621785344305
best,77500,clone_to_original,7,0,0.007296799539445757
best,77500,clone_to_original,7,1,-0.013683036103978887
best,77500,clone_to_original,7,2,0.005173322853741345
best,77500,clone_to_original,7,3,0.016572760569082724
best,77500,clone_to_original,7,4,0.013687740575085889
best,77500,clone_to_original,7,5,-1.947783135079049e-05
best,77500,clone_to_original,7,6,0.0024225534619511783
best,77500,clone_to_original,7,7,0.008618811229327778
best,77500,clone_to_original,8,0,0.011023933823044235
best,77500,clone_to_original,8,1,0.0016009447810886143
best,77500,clone_to_original,8,2,-0.007276796005867623
best,77500,clone_to_original,8,3,0.23415513081593556
best,77500,clone_to_original,8,4,0.0032722520398664047
best,77500,clone_to_original,8,5,-0.011858288232270663
best,77500,clone_to_original,8,6,0.0023211358903764603
best,77500,clone_to_original,8,7,-0.0010758192689569147
best,77500,clone_to_original,9,0,0.03340347715326258
best,77500,clone_to_original,9,1,-0.0013151893744597564
best,77500,clone_to_original,9,2,0.0037517681852117313
best,77500,clone_to_original,9,3,-0.006448496569384326
best,77500,clone_to_original,9,4,0.0011172869183995703
best,77500,clone_to_original,9,5,-0.00013255374925630586
best,77500,clone_to_original,9,6,0.008218031745773178
best,77500,clone_to_original,9,7,-0.000925445878827894
best,77500,clone_to_original,10,0,-0.014433642765423199
best,77500,clone_to_original,10,1,0.08015323007428968
best,77500,clone_to_original,10,2,0.0105620407843375
best,77500,clone_to_original,10,3,0.005032270341306119
best,77500,clone_to_original,10,4,7.181446831505578e-05
best,77500,clone_to_original,10,5,-0.002265650409835953
best,77500,clone_to_original,10,6,0.007634102224229692
best,77500,clone_to_original,10,7,0.0002987669394896911
best,77500,clone_to_original,11,0,-0.0019588094573837144
best,77500,clone_to_original,11,1,0.0024755854864378234
best,77500,clone_to_original,11,2,0.0016277045816988558
best,77500,clone_to_original,11,3,-0.009557795954180194
best,77500,clone_to_original,11,4,-0.0034526731516863847
best,77500,clone_to_original,11,5,-0.001514905207865947
best,77500,clone_to_original,11,6,0.0022047908456475887
best,77500,clone_to_original,11,7,0.004093610488616668
