checkpoint,step,direction,control,reference_step,task,num_examples,num_prompt_clusters,mean,row_ci_low,row_ci_high,cluster_ci_low,cluster_ci_high
step_015000,15000,original_to_original,opposite-number,5000,pooled_distractor,888,874,0.003114237441672935,0.0021193596425357164,0.004104436195648468,0.002105183987420613,0.004136553707837635
step_015000,15000,original_to_original,opposite-number-shuffled,5000,pooled_distractor,888,874,0.0033850997417896717,0.00041797182581446184,0.006401036277010633,0.0003865878572021838,0.0064958486483047
step_015000,15000,clone_to_clone,opposite-number,5000,pooled_distractor,888,874,0.3298617287262066,0.31728425922023284,0.34246054602501624,0.3171525451154373,0.34324373754903365
step_015000,15000,clone_to_clone,opposite-number-shuffled,5000,pooled_distractor,888,874,0.3294128891047057,0.315320914487044,0.3434949530406041,0.31522129981532737,0.34377798006884575
step_015000,15000,original_to_clone,opposite-number,5000,pooled_distractor,888,874,-0.0015981022839073663,-0.002532048456303708,-0.0006835456971112674,-0.002535263175620229,-0.0006973113658279546
step_015000,15000,original_to_clone,opposite-number-shuffled,5000,pooled_distractor,888,874,0.000755478132952441,-0.002160223130438779,0.0036088880252193754,-0.002163970471572797,0.0036317124326444004
step_015000,15000,clone_to_original,opposite-number,5000,pooled_distractor,888,874,0.04106324320440894,0.03622324803659508,0.04610243824956653,0.03615775960398391,0.045945887444391216
step_015000,15000,clone_to_original,opposite-number-shuffled,5000,pooled_distractor,888,874,0.04236522128990105,0.03666035715524141,0.04798407095509606,0.036714205841498204,0.04810966075319344
step_030000,30000,original_to_original,opposite-number,5000,pooled_distractor,888,874,0.1497374117911399,0.1437857933946558,0.15583960362919816,0.14389803271062984,0.15575728919547438
step_030000,30000,original_to_original,opposite-number-shuffled,5000,pooled_distractor,888,874,0.14944825838278006,0.14037871313793165,0.15864267977508337,0.1404692582121468,0.15864388068348206
step_030000,30000,clone_to_clone,opposite-number,5000,pooled_distractor,888,874,0.43504845800700487,0.41465353411328687,0.4558295606559998,0.4143277251364457,0.45608685507337304
step_030000,30000,clone_to_clone,opposite-number-shuffled,5000,pooled_distractor,888,874,0.42317625826543515,0.40475229320225414,0.4416576910998907,0.40475160400612015,0.4418160868249597
step_030000,30000,original_to_clone,opposite-number,5000,pooled_distractor,888,874,0.029861687271444646,0.027565936925443443,0.03216526194869935,0.0275274753192256,0.03217415056877885
step_030000,30000,original_to_clone,opposite-number-shuffled,5000,pooled_distractor,888,874,0.031512083234013735,0.027605927977207546,0.03559804902420388,0.027360546426283616,0.035679726247046496
step_030000,30000,clone_to_original,opposite-number,5000,pooled_distractor,888,874,0.1531055827398558,0.14592676264745694,0.16040875368021631,0.14580301510357233,0.1603533476769942
step_030000,30000,clone_to_original,opposite-number-shuffled,5000,pooled_distractor,888,874,0.15255648058813973,0.14393787678029085,0.1611956141150749,0.14400006954951408,0.16137557465630556
step_050000,50000,original_to_original,opposite-number,5000,pooled_distractor,888,874,0.5455544284872107,0.5250085768264693,0.5662502771025305,0.5248976739019322,0.567487321669482
step_050000,50000,original_to_original,opposite-number-shuffled,5000,pooled_distractor,888,874,0.5453106712650608,0.5246189088166296,0.5664431655997629,0.5246005565976819,0.5665373750262771
step_050000,50000,clone_to_clone,opposite-number,5000,pooled_distractor,888,874,0.4066709180672963,0.3891382328561834,0.424765555620999,0.3892021982403854,0.42471529684479675
step_050000,50000,clone_to_clone,opposite-number-shuffled,5000,pooled_distractor,888,874,0.391923136270798,0.37683573320910735,0.40765731728694454,0.3765471240189127,0.4076161550462783
step_050000,50000,original_to_clone,opposite-number,5000,pooled_distractor,888,874,0.07556635490408889,0.0686717519150661,0.08235077004174929,0.06883335210202268,0.0824513733710127
step_050000,50000,original_to_clone,opposite-number-shuffled,5000,pooled_distractor,888,874,0.07975058029363821,0.0712775802021628,0.08805978450554985,0.0713263065293163,0.08850135541924373
step_050000,50000,clone_to_original,opposite-number,5000,pooled_distractor,888,874,0.16943102538048685,0.16032689007015916,0.178521194074068,0.1603727993322692,0.1788521008289554
step_050000,50000,clone_to_original,opposite-number-shuffled,5000,pooled_distractor,888,874,0.16979881342466888,0.1598855288850295,0.18005917170294766,0.15974443721647538,0.18024874854483744
step_065000,65000,original_to_original,opposite-number,5000,pooled_distractor,888,874,0.7010439607474181,0.6728736921742156,0.7299043450672347,0.6726694549292103,0.7303456786041397
step_065000,65000,original_to_original,opposite-number-shuffled,5000,pooled_distractor,888,874,0.6929332801887581,0.6668517979952666,0.7195189494404707,0.6665124848884059,0.7195476159845035
step_065000,65000,clone_to_clone,opposite-number,5000,pooled_distractor,888,874,0.43619128471022256,0.4183917092914517,0.45493992767758196,0.4179165016465808,0.4546914387946878
step_065000,65000,clone_to_clone,opposite-number-shuffled,5000,pooled_distractor,888,874,0.4269234390409143,0.41073759057903075,0.4442392781443961,0.4102629756281865,0.4440759796509056
step_065000,65000,original_to_clone,opposite-number,5000,pooled_distractor,888,874,0.06117685233150517,0.05383767361442248,0.06858650837261397,0.05368853237907843,0.06866361585436512
step_065000,65000,original_to_clone,opposite-number-shuffled,5000,pooled_distractor,888,874,0.06239084402720133,0.053565472156346376,0.07115984211365382,0.053383629457810756,0.07158043852010328
step_065000,65000,clone_to_original,opposite-number,5000,pooled_distractor,888,874,0.2181299216038472,0.20815803828808638,0.22824951567359875,0.2080429062388681,0.22858684250524033
step_065000,65000,clone_to_original,opposite-number-shuffled,5000,pooled_distractor,888,874,0.2145478564339715,0.2036556560042742,0.2257429174743257,0.20348104120313046,0.22564970239876972
best,77500,original_to_original,opposite-number,5000,pooled_distractor,888,874,0.6666448476078274,0.6408152369228569,0.6929561245011853,0.6408597226978648,0.6936251622195037
best,77500,original_to_original,opposite-number-shuffled,5000,pooled_distractor,888,874,0.6622969030259965,0.6376233013900551,0.6874669654412312,0.6373325802392114,0.6876802209694377
best,77500,clone_to_clone,opposite-number,5000,pooled_distractor,888,874,0.4739146981690381,0.45419262379810615,0.49444072393549454,0.4538445185352901,0.4943916337279417
best,77500,clone_to_clone,opposite-number-shuffled,5000,pooled_distractor,888,874,0.4647429357240866,0.44665756318885996,0.4834826897863332,0.44654105119023274,0.483345648608636
best,77500,original_to_clone,opposite-number,5000,pooled_distractor,888,874,0.038637908997836416,0.03196350336074829,0.045421615350353814,0.03187053037250028,0.04543428938163531
best,77500,original_to_clone,opposite-number-shuffled,5000,pooled_distractor,888,874,0.042028424439129526,0.03344908247928361,0.05062209467093149,0.03319002859523023,0.05102803245419722
best,77500,clone_to_original,opposite-number,5000,pooled_distractor,888,874,0.23250748552717604,0.2224082766755207,0.2425356347147409,0.22212302046427676,0.24305511844293304
best,77500,clone_to_original,opposite-number-shuffled,5000,pooled_distractor,888,874,0.23011862265097127,0.21931015487995237,0.2413727632648236,0.21916243819577297,0.24117178059337988
