checkpoint,step,direction,control,task,num_examples,num_prompt_clusters,mean,row_ci_low,row_ci_high,cluster_ci_low,cluster_ci_high
step_005000,5000,original_to_original,opposite-number,pooled_distractor,888,874,0.0019112256196168092,0.0014574929669096664,0.0023764427583496846,0.0014535852893647699,0.0023645129969705773
step_005000,5000,original_to_original,opposite-number-shuffled,pooled_distractor,888,874,0.0011116357537003252,-0.00029641475763406844,0.0024840934453783806,-0.0003012427520221954,0.0024757369314949845
step_005000,5000,clone_to_clone,opposite-number,pooled_distractor,888,874,0.02041721156051567,0.01897508963808283,0.02188780682312476,0.01897194530162711,0.02192228379677182
step_005000,5000,clone_to_clone,opposite-number-shuffled,pooled_distractor,888,874,0.020138053475199518,0.0168227926366501,0.02337891907171086,0.016827281704872254,0.023382120231504377
step_005000,5000,original_to_clone,opposite-number,pooled_distractor,888,874,-0.000719011098414928,-0.0011287576107828466,-0.00031310079602507883,-0.0011269085285276676,-0.00028705649951467154
step_005000,5000,original_to_clone,opposite-number-shuffled,pooled_distractor,888,874,-0.0021117259790231517,-0.0035198655617129696,-0.0007364938723611425,-0.0035316198493974787,-0.0007006951694925553
step_005000,5000,clone_to_original,opposite-number,pooled_distractor,888,874,0.003369117105329359,0.002757826836796494,0.003989020406125901,0.002758441890210813,0.004005093273240334
step_005000,5000,clone_to_original,opposite-number-shuffled,pooled_distractor,888,874,0.00403650816496428,0.0025332462545987725,0.005546811988224852,0.002548679020264567,0.0055316803227218525
step_015000,15000,original_to_original,opposite-number,pooled_distractor,888,874,0.005025463061289744,0.004184479219419462,0.005870518920657871,0.004168859367376597,0.005897333082319018
step_015000,15000,original_to_original,opposite-number-shuffled,pooled_distractor,888,874,0.004496735495489997,0.0017454269501540039,0.007184419666861627,0.0017596239166620586,0.0073532768705972095
step_015000,15000,clone_to_clone,opposite-number,pooled_distractor,888,874,0.3502789402867223,0.3377875804364144,0.3628155897732253,0.33762731019901615,0.3636328583414095
step_015000,15000,clone_to_clone,opposite-number-shuffled,pooled_distractor,888,874,0.3495509425799052,0.3354667084308358,0.36381142452224957,0.33522484413483156,0.3638612695121962
step_015000,15000,original_to_clone,opposite-number,pooled_distractor,888,874,-0.002317113382322294,-0.0031893918240392533,-0.0014622987524883168,-0.0031966542178942584,-0.0014619029074839271
step_015000,15000,original_to_clone,opposite-number-shuffled,pooled_distractor,888,874,-0.0013562478460707105,-0.004154448506531415,0.0014044147488233205,-0.0041065841348331324,0.0013932452172831565
step_015000,15000,clone_to_original,opposite-number,pooled_distractor,888,874,0.044432360309738295,0.039543403336056715,0.0495595317971599,0.03950397813922741,0.04940433009924055
step_015000,15000,clone_to_original,opposite-number-shuffled,pooled_distractor,888,874,0.04640172945486533,0.04089829721697816,0.051833473844034174,0.040826372289328235,0.05193356520965972
step_030000,30000,original_to_original,opposite-number,pooled_distractor,888,874,0.1516486374107567,0.14576739876925407,0.1576705818240707,0.14586443699659746,0.15763766043797808
step_030000,30000,original_to_original,opposite-number-shuffled,pooled_distractor,888,874,0.15055989413648038,0.14162520335332768,0.15961949727288238,0.14164607686038652,0.15960845365047016
step_030000,30000,clone_to_clone,opposite-number,pooled_distractor,888,874,0.45546566956752055,0.4348818851081101,0.4763763215359267,0.4345009053051191,0.4764543590399004
step_030000,30000,clone_to_clone,opposite-number-shuffled,pooled_distractor,888,874,0.4433143117406347,0.42465638194803723,0.4620774311793817,0.424660442239862,0.4624009255533605
step_030000,30000,original_to_clone,opposite-number,pooled_distractor,888,874,0.02914267617302972,0.026831172594616006,0.03147199431786666,0.026809434963688195,0.03147111548505073
step_030000,30000,original_to_clone,opposite-number-shuffled,pooled_distractor,888,874,0.029400357254990586,0.02551247043921067,0.03341544941738919,0.025389497326651248,0.033429539149906075
step_030000,30000,clone_to_original,opposite-number,pooled_distractor,888,874,0.15647469984518514,0.14922051628430683,0.16379323595010484,0.1491132029883681,0.16377510734615675
step_030000,30000,clone_to_original,opposite-number-shuffled,pooled_distractor,888,874,0.15659298875310398,0.14819727976311434,0.16496544909906818,0.14824128730116495,0.1651595957866202
step_050000,50000,original_to_original,opposite-number,pooled_distractor,888,874,0.5474656541068275,0.5269416550526748,0.5681940423072995,0.5269284059185875,0.5692440990004657
step_050000,50000,original_to_original,opposite-number-shuffled,pooled_distractor,888,874,0.5464223070187612,0.5260487731915336,0.5675074414492727,0.5258707522654867,0.5674219909514259
step_050000,50000,clone_to_clone,opposite-number,pooled_distractor,888,874,0.427088129627812,0.40969340044098934,0.4450720682605967,0.40978597108809195,0.4451648183974018
step_050000,50000,clone_to_clone,opposite-number-shuffled,pooled_distractor,888,874,0.41206118974599754,0.39694980945404584,0.4278418246421728,0.3966385230447562,0.4276653106942334
step_050000,50000,original_to_clone,opposite-number,pooled_distractor,888,874,0.07484734380567395,0.06796886092639183,0.08169279418013116,0.06803587203965233,0.08179227933012248
step_050000,50000,original_to_clone,opposite-number-shuffled,pooled_distractor,888,874,0.07763885431461506,0.06931862802924338,0.08578341306598336,0.06922551615788805,0.0863493955371646
step_050000,50000,clone_to_original,opposite-number,pooled_distractor,888,874,0.1728001424858162,0.16369560904599526,0.18201220810144872,0.16369517005546985,0.18228828249712561
step_050000,50000,clone_to_original,opposite-number-shuffled,pooled_distractor,888,874,0.17383532158963316,0.1638234655733581,0.18407276628522187,0.1639135736068763,0.18418788266837924
step_065000,65000,original_to_original,opposite-number,pooled_distractor,888,874,0.7029551863670349,0.6747970948482418,0.7317983153838294,0.6746593270792027,0.7321989268849735
step_065000,65000,original_to_original,opposite-number-shuffled,pooled_distractor,888,874,0.6940449159424584,0.668114795623062,0.7207813780855489,0.667696214304484,0.7207452603523697
step_065000,65000,clone_to_clone,opposite-number,pooled_distractor,888,874,0.4566084962707382,0.4387461427498508,0.47532233081690906,0.4383475378905119,0.4750284223276323
step_065000,65000,clone_to_clone,opposite-number-shuffled,pooled_distractor,888,874,0.4470614925161138,0.43043697401209996,0.46437844172254333,0.43046543979011226,0.4643402202305283
step_065000,65000,original_to_clone,opposite-number,pooled_distractor,888,874,0.06045784123309024,0.05314226171991846,0.06780977320295196,0.05297332928337641,0.06794213370418054
step_065000,65000,original_to_clone,opposite-number-shuffled,pooled_distractor,888,874,0.06027911804817818,0.051443795873238156,0.06892602532296567,0.05128308368844136,0.06943605841608723
step_065000,65000,clone_to_original,opposite-number,pooled_distractor,888,874,0.22149903870917656,0.21148573707889864,0.23159355761500092,0.2113856580116492,0.23200554244471727
step_065000,65000,clone_to_original,opposite-number-shuffled,pooled_distractor,888,874,0.2185843645989358,0.20794111154637898,0.22977275582584172,0.20770631147529003,0.22958125359388326
best,77500,original_to_original,opposite-number,pooled_distractor,888,874,0.6685560732274443,0.6428855474199261,0.6948580522929225,0.6427530137253833,0.6954385291293859
best,77500,original_to_original,opposite-number-shuffled,pooled_distractor,888,874,0.6634085387796969,0.6387013182715253,0.6885713506926286,0.6383894668341539,0.6887431400346464
best,77500,clone_to_clone,opposite-number,pooled_distractor,888,874,0.49433190972955376,0.4747212809753848,0.5146714051296044,0.4741922571091886,0.5150345714532613
best,77500,clone_to_clone,opposite-number-shuffled,pooled_distractor,888,874,0.4848809891992861,0.4665143970030923,0.5038834486190263,0.46649590018840964,0.5037163604405666
best,77500,original_to_clone,opposite-number,pooled_distractor,888,874,0.03791889789942149,0.031176339935612033,0.04472857913723936,0.031100086137033515,0.044786328030364156
best,77500,original_to_clone,opposite-number-shuffled,pooled_distractor,888,874,0.03991669846010638,0.03137509135512618,0.04844498573928265,0.031148951662264564,0.04889945769780971
best,77500,clone_to_original,opposite-number,pooled_distractor,888,874,0.2358766026325054,0.22571140302194131,0.24602100321569959,0.22543624514641883,0.24640344051977892
best,77500,clone_to_original,opposite-number-shuffled,pooled_distractor,888,874,0.23415513081593556,0.22334042829167736,0.24541177561691216,0.22340693659166766,0.24516565836319537
step_005000,5000,original_to_original,opposite-number,simple,392,89,0.0014981372015816824,0.0005848563751395867,0.002430636603005078,0.0005303902119561868,0.002532234814555361
step_005000,5000,original_to_original,opposite-number-shuffled,simple,392,89,0.0007726039205278669,-0.0005286484348530671,0.0021086631076676497,-0.0006971848193467392,0.0023049628680822986
step_005000,5000,clone_to_clone,opposite-number,simple,392,89,0.01477022073706802,0.011895257386626031,0.017776299556907342,0.008803909392797345,0.021954775904079862
step_005000,5000,clone_to_clone,opposite-number-shuffled,simple,392,89,0.012190688629539646,0.009755127253581066,0.014694871981533204,0.008646074714354978,0.016191034384557195
step_005000,5000,original_to_clone,opposite-number,simple,392,89,-0.003605531186473613,-0.004580384979442674,-0.002623903021520498,-0.0054370053643398855,-0.0018825387498001005
step_005000,5000,original_to_clone,opposite-number-shuffled,simple,392,89,-0.0032234325700876663,-0.0048934410421215754,-0.0015278606086361168,-0.005101190616159351,-0.0013819922914218817
step_005000,5000,clone_to_original,opposite-number,simple,392,89,0.0021620125186686615,0.0007682757110011822,0.003557381824571259,0.0003457021630409462,0.004225163813575092
step_005000,5000,clone_to_original,opposite-number-shuffled,simple,392,89,0.0015918405688538843,0.0003534260453010092,0.002831717170014672,0.0004055772213791766,0.0028116795952005894
step_015000,15000,original_to_original,opposite-number,simple,392,89,-0.00399720303866328,-0.00660198087594947,-0.0014238868440900531,-0.0085696220672625,0.0004078507541126986
step_015000,15000,original_to_original,opposite-number-shuffled,simple,392,89,-0.004564490853523721,-0.007948386395464139,-0.001214606056408007,-0.008796767071974562,-0.00035662215253577797
step_015000,15000,clone_to_clone,opposite-number,simple,392,89,0.2453682945699108,0.23002782245071568,0.2615058075104441,0.21065745975254271,0.2824822237719261
step_015000,15000,clone_to_clone,opposite-number-shuffled,simple,392,89,0.24510117939540318,0.2311551211135728,0.2594252330612163,0.22295504295966737,0.2672146376165287
step_015000,15000,original_to_clone,opposite-number,simple,392,89,-0.006273409541772336,-0.008220566109735138,-0.004323012518639469,-0.010152444666101658,-0.002571895827996297
step_015000,15000,original_to_clone,opposite-number-shuffled,simple,392,89,-0.009958454540797643,-0.013484255787061186,-0.006432370841503145,-0.013731788340912583,-0.006181551640806409
step_015000,15000,clone_to_original,opposite-number,simple,392,89,0.024050942489079068,0.018068069766978827,0.030184425079092678,0.018065962708186133,0.030478749576683416
step_015000,15000,clone_to_original,opposite-number-shuffled,simple,392,89,0.02280854084053818,0.01674713696144065,0.029006610658704017,0.017096626491602346,0.02898099336950601
step_030000,30000,original_to_original,opposite-number,simple,392,89,0.027468560909738347,0.02435113967073207,0.03065013468873744,0.020707945705273192,0.03437041508940912
step_030000,30000,original_to_original,opposite-number-shuffled,simple,392,89,0.027121421025723826,0.02181768064596215,0.032646215600626804,0.020791270999844208,0.0337215098461038
step_030000,30000,clone_to_clone,opposite-number,simple,392,89,0.21894704322425687,0.2065742999619367,0.231853122674689,0.19218715523242416,0.24614573208727777
step_030000,30000,clone_to_clone,opposite-number-shuffled,simple,392,89,0.21944222036673097,0.20797030801067545,0.23164744380177285,0.1990521473526297,0.23984643198983063
step_030000,30000,original_to_clone,opposite-number,simple,392,89,0.014717300327456728,0.012981434257663026,0.01656836949440898,0.011165201313026918,0.019017333409383295
step_030000,30000,original_to_clone,opposite-number-shuffled,simple,392,89,0.015215294701712472,0.011903879654650786,0.018582225666970622,0.010956335864157216,0.019875514219848435
step_030000,30000,clone_to_original,opposite-number,simple,392,89,0.04559765664898619,0.04060506838925031,0.05070992477086125,0.03724970650826311,0.05416973819482578
step_030000,30000,clone_to_original,opposite-number-shuffled,simple,392,89,0.043771255989463964,0.038155316272560434,0.04930798009950287,0.03666956786201029,0.051216485072643494
step_050000,50000,original_to_original,opposite-number,simple,392,89,0.1072724741332385,0.09797641701844274,0.11713330827805461,0.08143640102525466,0.1340474130498538
step_050000,50000,original_to_original,opposite-number-shuffled,simple,392,89,0.10805299330730828,0.09729042585406984,0.11952500179105874,0.0837099549883188,0.133476926602039
step_050000,50000,clone_to_clone,opposite-number,simple,392,89,0.07814010308713329,0.07280987850865539,0.08356638721057347,0.06782968272597102,0.08863463707378096
step_050000,50000,clone_to_clone,opposite-number-shuffled,simple,392,89,0.0763252997884945,0.07081571440307462,0.08193924238487166,0.0678148493821226,0.08487869825314316
step_050000,50000,original_to_clone,opposite-number,simple,392,89,0.02791263132679219,0.023392894195050612,0.032685150783889144,0.017589911878228642,0.03987037392391464
step_050000,50000,original_to_clone,opposite-number-shuffled,simple,392,89,0.02881248143254494,0.023351718667818575,0.03449411744974097,0.019842526847641956,0.038885325998365354
step_050000,50000,clone_to_original,opposite-number,simple,392,89,0.012320427262053197,0.009516695080971232,0.015050791873007405,0.00771377880391103,0.017033247255207083
step_050000,50000,clone_to_original,opposite-number-shuffled,simple,392,89,0.012799304358813227,0.008220320058112242,0.017326385147717532,0.007404965082912378,0.01793078296066482
step_065000,65000,original_to_original,opposite-number,simple,392,89,0.10744541883468628,0.09946169774143063,0.11585873657343339,0.08689423672439325,0.1285826261769241
step_065000,65000,original_to_original,opposite-number-shuffled,simple,392,89,0.10809251361963701,0.09938217669117207,0.11727399944650883,0.08922198410430573,0.12765737285281337
step_065000,65000,clone_to_clone,opposite-number,simple,392,89,0.09075861074486558,0.08493399002722332,0.09672462295512764,0.08045718244086045,0.10131763703111725
step_065000,65000,clone_to_clone,opposite-number-shuffled,simple,392,89,0.08948417464081122,0.08335146542106356,0.09581973999738692,0.08024586175731827,0.09883162851018011
step_065000,65000,original_to_clone,opposite-number,simple,392,89,0.01782667880155602,0.01407875011161882,0.021684247924357043,0.011220247729144091,0.02531303804402182
step_065000,65000,original_to_clone,opposite-number-shuffled,simple,392,89,0.020625198373989184,0.016120875702828778,0.025265310917581833,0.01459537781008083,0.02749858236036411
step_065000,65000,clone_to_original,opposite-number,simple,392,89,0.014226148323136933,0.010919797967891305,0.017492681315967012,0.009866389502649722,0.01868232765120227
step_065000,65000,clone_to_original,opposite-number-shuffled,simple,392,89,0.015752005333803137,0.011170931525376378,0.020323449251603107,0.010061948374421792,0.021465932639212277
best,77500,original_to_original,opposite-number,simple,392,89,0.11016924283942398,0.10266408686126981,0.11809073972458742,0.09086045404881461,0.1307770004339307
best,77500,original_to_original,opposite-number-shuffled,simple,392,89,0.11048713873843757,0.1017857697849371,0.11977764158224573,0.09227233751127599,0.13002557803750436
best,77500,clone_to_clone,opposite-number,simple,392,89,0.10081496773933878,0.09437463475125177,0.10721328857601906,0.08965304643300769,0.11238045018707979
best,77500,clone_to_clone,opposite-number-shuffled,simple,392,89,0.10118435961859566,0.094340616130099,0.1079561739855883,0.09330117330304893,0.10930010424175814
best,77500,original_to_clone,opposite-number,simple,392,89,0.02114735817422672,0.016468405966856045,0.025962337881934885,0.012303340066378423,0.031480023678628094
best,77500,original_to_clone,opposite-number-shuffled,simple,392,89,0.02295529112523916,0.017137122397520105,0.02872227999020596,0.014888436072344831,0.03231479072217588
best,77500,clone_to_original,opposite-number,simple,392,89,0.025007213865007673,0.0218083740497122,0.028163548939082086,0.019916055902160067,0.030307279078705795
best,77500,clone_to_original,opposite-number-shuffled,simple,392,89,0.027190828809932788,0.022698513616104515,0.03163253959952568,0.02191366687237367,0.03241908622466434
step_005000,5000,original_to_original,opposite-number,pp_attractor,296,291,0.002387747571275041,0.001369896370011407,0.003415114331889796,0.0013799175227319274,0.0034019769228178
step_005000,5000,original_to_original,opposite-number-shuffled,pp_attractor,296,291,-0.0011413822302947174,-0.003949341258487185,0.0015993645465051803,-0.003986801310060072,0.001514171527603924
step_005000,5000,clone_to_clone,opposite-number,pp_attractor,296,291,0.01741034275776631,0.015083699693550934,0.01982657800655107,0.015015085904094677,0.01989364002461396
step_005000,5000,clone_to_clone,opposite-number-shuffled,pp_attractor,296,291,0.019162020167788944,0.01377168245412208,0.024561595554287368,0.013893025166279561,0.02458099779738159
step_005000,5000,original_to_clone,opposite-number,pp_attractor,296,291,0.00024611402202296903,-0.0006363428927756644,0.0011321646941674717,-0.0006212219478727129,0.0011190032459962437
step_005000,5000,original_to_clone,opposite-number-shuffled,pp_attractor,296,291,-0.003978482774786047,-0.006620714189233007,-0.001348242888579498,-0.0067349935328016594,-0.0013149843975539836
step_005000,5000,clone_to_original,opposite-number,pp_attractor,296,291,0.00186191700600289,0.0009204262817228163,0.0028637163139678336,0.0009070691858535354,0.0028424844548508924
step_005000,5000,clone_to_original,opposite-number-shuffled,pp_attractor,296,291,0.0023014593768764186,-0.0004722526347314989,0.005163751341201162,-0.0004958945480443292,0.005170097468790097
step_015000,15000,original_to_original,opposite-number,pp_attractor,296,291,0.0057782724096968364,0.003761932495478037,0.007752333661994418,0.0038064555637590505,0.007807008881126974
step_015000,15000,original_to_original,opposite-number-shuffled,pp_attractor,296,291,0.006620829169814651,0.0007116268615464906,0.01239664385447631,0.0008981584208905514,0.01229308162169345
step_015000,15000,clone_to_clone,opposite-number,pp_attractor,296,291,0.4052471454079087,0.379205582754032,0.4320531265558423,0.3794012827812061,0.4327936603672942
step_015000,15000,clone_to_clone,opposite-number-shuffled,pp_attractor,296,291,0.39907292739765066,0.3742554077425519,0.42433704306950437,0.37449222018398715,0.42463626901886353
step_015000,15000,original_to_clone,opposite-number,pp_attractor,296,291,-0.0043794786607896955,-0.006435695773846395,-0.002325958819002719,-0.006474212129189391,-0.002314554924658909
step_015000,15000,original_to_clone,opposite-number-shuffled,pp_attractor,296,291,-0.0042202263265042695,-0.010441123110217018,0.0018215857244826643,-0.010276292412578754,0.0019884213922040503
step_015000,15000,clone_to_original,opposite-number,pp_attractor,296,291,0.04324226121644716,0.03318208129824819,0.05332336405644545,0.033209399878330215,0.05308009639853357
step_015000,15000,clone_to_original,opposite-number-shuffled,pp_attractor,296,291,0.04382733879862605,0.03381870646734496,0.05395378989947808,0.033919643804879385,0.053757591642238
step_030000,30000,original_to_original,opposite-number,pp_attractor,296,291,0.15564406884683146,0.14579833443905857,0.16595441328512656,0.14576669212551877,0.16559242751344777
step_030000,30000,original_to_original,opposite-number-shuffled,pp_attractor,296,291,0.1590774300936106,0.14217201523684167,0.1758996605873108,0.14200236253997905,0.1762858691862074
step_030000,30000,clone_to_clone,opposite-number,pp_attractor,296,291,0.5916611681113372,0.5427167254122528,0.6422053351595595,0.5424431775778605,0.6435861277926963
step_030000,30000,clone_to_clone,opposite-number-shuffled,pp_attractor,296,291,0.5597916052148149,0.5167756265482387,0.6035969823598862,0.5171930580829531,0.6043123657792908
step_030000,30000,original_to_clone,opposite-number,pp_attractor,296,291,0.024895647087612667,0.02029138203408267,0.02970636921959954,0.02009385522007503,0.029819641839308214
step_030000,30000,original_to_clone,opposite-number-shuffled,pp_attractor,296,291,0.025473833084106445,0.018652332110984906,0.03251807685639407,0.018493785534968644,0.03260803145353298
step_030000,30000,clone_to_original,opposite-number,pp_attractor,296,291,0.17724585855329358,0.16122727667963183,0.1934378832175925,0.16134620262143465,0.19339056754570766
step_030000,30000,clone_to_original,opposite-number-shuffled,pp_attractor,296,291,0.1677476377100558,0.15116816589961182,0.1848916737614451,0.15126668329306517,0.18472275025309481
step_050000,50000,original_to_original,opposite-number,pp_attractor,296,291,0.6428746419983942,0.6049053705221898,0.6839373647763922,0.603492671251297,0.6842584627447339
step_050000,50000,original_to_original,opposite-number-shuffled,pp_attractor,296,291,0.6634891339250513,0.6210342164377908,0.7067269410635973,0.6192460054098958,0.7088231744188251
step_050000,50000,clone_to_clone,opposite-number,pp_attractor,296,291,0.524719961591669,0.486288131491558,0.5632100697707485,0.485409585076519,0.5644681134906355
step_050000,50000,clone_to_clone,opposite-number-shuffled,pp_attractor,296,291,0.49939171687976736,0.46704615165252944,0.5331045305003991,0.4663005984965345,0.5328444172297051
step_050000,50000,original_to_clone,opposite-number,pp_attractor,296,291,0.12955078240987417,0.11664707990917,0.14294664179151123,0.11621634274428248,0.14298424305948051
step_050000,50000,original_to_clone,opposite-number-shuffled,pp_attractor,296,291,0.12989395212482763,0.11291374419186566,0.14657364419183214,0.11343689457388192,0.14684156371763032
step_050000,50000,clone_to_original,opposite-number,pp_attractor,296,291,0.1887493922903731,0.16913695238732002,0.2092443580563004,0.16945843110915945,0.2091089398907075
step_050000,50000,clone_to_original,opposite-number-shuffled,pp_attractor,296,291,0.18769714316806277,0.16650927517865155,0.21024554839005338,0.16625473188471523,0.21041887519831295
step_065000,65000,original_to_original,opposite-number,pp_attractor,296,291,0.732268890819034,0.6858678512476586,0.7819012982217041,0.6839891320345498,0.781879568228765
step_065000,65000,original_to_original,opposite-number-shuffled,pp_attractor,296,291,0.7308442012683766,0.6844506637872877,0.7789825809968484,0.681851406060448,0.7805244573467486
step_065000,65000,clone_to_clone,opposite-number,pp_attractor,296,291,0.5185219871031271,0.48039147712894387,0.5572069641303372,0.47993112361822504,0.5576282686465531
step_065000,65000,clone_to_clone,opposite-number-shuffled,pp_attractor,296,291,0.4989320506920686,0.4635315143981495,0.5352784139884484,0.4622684759686004,0.5343514986349656
step_065000,65000,original_to_clone,opposite-number,pp_attractor,296,291,0.10780903777560673,0.0943357513160319,0.12120928965710305,0.09463446125055451,0.1211664946321542
step_065000,65000,original_to_clone,opposite-number-shuffled,pp_attractor,296,291,0.1021563620180697,0.0847474101024705,0.11981345209720971,0.08499800689292678,0.11977637618751562
step_065000,65000,clone_to_original,opposite-number,pp_attractor,296,291,0.21011710650212057,0.19077491047414574,0.2301056062047546,0.19087372961445104,0.2303402771452059
step_065000,65000,clone_to_original,opposite-number-shuffled,pp_attractor,296,291,0.20570825886082006,0.18543910110318984,0.22688278769319123,0.18503833790479096,0.22655609641868688
best,77500,original_to_original,opposite-number,pp_attractor,296,291,0.7039596196767446,0.661203848792089,0.7500846746402817,0.6587932153593858,0.7509015446969665
best,77500,original_to_original,opposite-number-shuffled,pp_attractor,296,291,0.714256320450757,0.6695051930240683,0.7614426879866703,0.6666893208751807,0.7619196338021231
best,77500,clone_to_clone,opposite-number,pp_attractor,296,291,0.5926851887960691,0.5504670441150665,0.6353240845573914,0.550101173816084,0.6367598674514078
best,77500,clone_to_clone,opposite-number-shuffled,pp_attractor,296,291,0.5753385843457403,0.5366818642696819,0.6145867684805715,0.5354493490109615,0.6151926811834239
best,77500,original_to_clone,opposite-number,pp_attractor,296,291,0.09327234448613347,0.08074428294156048,0.10580889574579291,0.08077555429171476,0.10605540736246917
best,77500,original_to_clone,opposite-number-shuffled,pp_attractor,296,291,0.09170985221862793,0.07410761500532563,0.10934500811067786,0.07379775824512502,0.10984764993970488
best,77500,clone_to_original,opposite-number,pp_attractor,296,291,0.2404964211824778,0.22013762009304924,0.26186782371353456,0.2204406323256316,0.2618882583618295
best,77500,clone_to_original,opposite-number-shuffled,pp_attractor,296,291,0.2357187126133893,0.2147021374186954,0.25744548049327487,0.2146894615305917,0.25720111809400903
step_005000,5000,original_to_original,opposite-number,object_relative,304,299,0.0013442133602343108,0.0007993573420926144,0.0018868919658033472,0.0007914540884924716,0.0019096609275712213
step_005000,5000,original_to_original,opposite-number-shuffled,object_relative,304,299,0.0012673829731188323,-0.00031892720021699597,0.0028895781620552658,-0.0002989419770371067,0.0028490450290434306
step_005000,5000,clone_to_clone,opposite-number,object_relative,304,299,0.01671384588668221,0.015071009883755131,0.018385401289714012,0.01500927012331937,0.01842981005961599
step_005000,5000,clone_to_clone,opposite-number-shuffled,object_relative,304,299,0.014832654281666404,0.010096056661323497,0.019535351544618607,0.010162732215643455,0.019368788326856592
step_005000,5000,original_to_clone,opposite-number,object_relative,304,299,-0.0010608003327721043,-0.0016250400558898324,-0.0004956566777668502,-0.0016166809856808608,-0.0005093360641545966
step_005000,5000,original_to_clone,opposite-number-shuffled,object_relative,304,299,-0.0009801340730566728,-0.0028319100408177628,0.0009039675130655887,-0.0028356162230243,0.0008971555180031228
step_005000,5000,clone_to_original,opposite-number,object_relative,304,299,0.003764448981536062,0.0028542614296862955,0.004714435064478924,0.0028219859491605934,0.004699346099745728
step_005000,5000,clone_to_original,opposite-number-shuffled,object_relative,304,299,0.005777263327648765,0.0038722041013993713,0.007716469231404756,0.0038727853240231487,0.007671312565024865
step_015000,15000,original_to_original,opposite-number,object_relative,304,299,0.0023471744436966745,0.0013823110414178748,0.0033141391449852983,0.0013571156920379537,0.003336649347122537
step_015000,15000,original_to_original,opposite-number-shuffled,object_relative,304,299,0.0021676860357585704,-0.0009249908751563021,0.005210017648182417,-0.0008206541752102367,0.005206191940613026
step_015000,15000,clone_to_clone,opposite-number,object_relative,304,299,0.3265117124507302,0.3086132484831308,0.3450910451772966,0.3083092454681936,0.34526411904158305
step_015000,15000,clone_to_clone,opposite-number-shuffled,object_relative,304,299,0.34162034643323796,0.31530697247699685,0.3687177874540028,0.31434412218589924,0.36888157436279595
step_015000,15000,original_to_clone,opposite-number,object_relative,304,299,-0.0010191547243218672,-0.0018958295646466705,-0.00015684558372748607,-0.0019157240718444852,-0.00014397379019440493
step_015000,15000,original_to_clone,opposite-number-shuffled,object_relative,304,299,-6.01050100828472e-05,-0.0033534133512722816,0.003235262632369995,-0.0032692417956659606,0.0032282702232661964
step_015000,15000,clone_to_original,opposite-number,object_relative,304,299,0.04741887042396947,0.03969912772115908,0.055173577995676744,0.039807346652457984,0.05512855504705606
step_015000,15000,clone_to_original,opposite-number-shuffled,object_relative,304,299,0.0528615885659268,0.042867923331888096,0.06297608033606882,0.042897963125467856,0.06273451370258266
step_030000,30000,original_to_original,opposite-number,object_relative,304,299,0.17814561254099795,0.16816119206579108,0.18854893049911448,0.1679755551224388,0.18862677770996142
step_030000,30000,original_to_original,opposite-number-shuffled,object_relative,304,299,0.17777648411299052,0.16554908289721137,0.19031248810259918,0.16533098138658459,0.19043865456174322
step_030000,30000,clone_to_clone,opposite-number,object_relative,304,299,0.32178015614810745,0.3057473064253205,0.338103573769331,0.305544528757271,0.3388948437806807
step_030000,30000,clone_to_clone,opposite-number-shuffled,object_relative,304,299,0.3281753941586143,0.307798869437293,0.3495578512157264,0.3070536305031023,0.3498851695753145
step_030000,30000,original_to_clone,opposite-number,object_relative,304,299,0.03169626781814977,0.02809533782695469,0.03535325966383282,0.028015222105112945,0.03534756765082007
step_030000,30000,original_to_clone,opposite-number-shuffled,object_relative,304,299,0.0343393652062667,0.028521215052981125,0.04020234115029636,0.028500636722194862,0.0402825119511774
step_030000,30000,clone_to_original,opposite-number,object_relative,304,299,0.12654678915676318,0.11837306716724447,0.13488945290446283,0.11827249015376182,0.1349468104211997
step_030000,30000,clone_to_original,opposite-number-shuffled,object_relative,304,299,0.13416002141801933,0.12281506587015956,0.1456230237295753,0.12250298012494912,0.14569374501140162
step_050000,50000,original_to_original,opposite-number,object_relative,304,299,0.42695574383986623,0.40208083065716843,0.4532787782973365,0.4011740976390023,0.45427473346175173
step_050000,50000,original_to_original,opposite-number-shuffled,object_relative,304,299,0.4233933091163635,0.400754632565536,0.44692045932537633,0.40013825474124326,0.44686318201206854
step_050000,50000,clone_to_clone,opposite-number,object_relative,304,299,0.3730699514087878,0.355191954107661,0.39194752895518353,0.3552258602774285,0.3916296315271862
step_050000,50000,clone_to_clone,opposite-number-shuffled,object_relative,304,299,0.38075520019782216,0.35893869121607985,0.4034757610214384,0.3589951034452094,0.4031620489312457
step_050000,50000,original_to_clone,opposite-number,object_relative,304,299,0.026299101741690385,0.01619678198506958,0.03642229677030915,0.016220849555059775,0.036579213464320075
step_050000,50000,original_to_clone,opposite-number-shuffled,object_relative,304,299,0.03563972366483588,0.023740893327876142,0.04743385871774271,0.023812413807736327,0.04765799799235513
step_050000,50000,clone_to_original,opposite-number,object_relative,304,299,0.14964914949316727,0.13766257084513964,0.16164933207787965,0.13808055635000702,0.16200224146631256
step_050000,50000,clone_to_original,opposite-number-shuffled,object_relative,304,299,0.15389646668183177,0.1402996910245795,0.16786119483019174,0.14080623197177222,0.16777880892108374
step_065000,65000,original_to_original,opposite-number,object_relative,304,299,0.5947645573239577,0.5544081659301331,0.6358984129601403,0.5532913988845903,0.638620413178125
step_065000,65000,original_to_original,opposite-number-shuffled,object_relative,304,299,0.5881464355870297,0.5528634102720963,0.6246228526689503,0.5520151450671668,0.6246753470150105
step_065000,65000,clone_to_clone,opposite-number,object_relative,304,299,0.36650046706199646,0.3478730237405551,0.3865091172880248,0.3475661239576397,0.38573880887357304
step_065000,65000,clone_to_clone,opposite-number-shuffled,object_relative,304,299,0.3710692885674928,0.34885593009622473,0.3943833911497342,0.3489758366728797,0.39371409992716294
step_065000,65000,original_to_clone,opposite-number,object_relative,304,299,0.014946536013954565,0.0035132145803225667,0.026413318279542405,0.0034822338081314207,0.026856491448503616
step_065000,65000,original_to_clone,opposite-number-shuffled,object_relative,304,299,0.020117742450613724,0.007262274505276429,0.03327533218421434,0.007495665629967949,0.033044211518715894
step_065000,65000,clone_to_original,opposite-number,object_relative,304,299,0.20756636481536062,0.1920876598279727,0.22275675558730176,0.19229767867195072,0.22289223271829492
step_065000,65000,clone_to_original,opposite-number-shuffled,object_relative,304,299,0.20827762076729223,0.19111777167571217,0.22533829459234286,0.19156705030615223,0.2256023070230249
best,77500,original_to_original,opposite-number,object_relative,304,299,0.5464939396632346,0.5094151191805538,0.5852749838640815,0.5087786835405179,0.5870756354518077
best,77500,original_to_original,opposite-number-shuffled,object_relative,304,299,0.5401992170434249,0.5066051367866365,0.5745944871322105,0.5066950043183516,0.5747158960532853
best,77500,clone_to_clone,opposite-number,object_relative,304,299,0.39331991264694616,0.374019261488789,0.414591341897061,0.37371201326953424,0.41407235109049745
best,77500,clone_to_clone,opposite-number-shuffled,object_relative,304,299,0.40066244727686834,0.37813098148295754,0.4249129919629348,0.3783427357729664,0.4244481292833349
best,77500,original_to_clone,opposite-number,object_relative,304,299,-0.007712740647165399,-0.017952358134483034,0.0025294443494395134,-0.017901574848029223,0.002859958925486356
best,77500,original_to_clone,opposite-number-shuffled,object_relative,304,299,-0.0013216765303360788,-0.01345589435414264,0.010880847588965764,-0.013307000093912572,0.010791417300833979
best,77500,clone_to_original,opposite-number,object_relative,304,299,0.22056009738068832,0.2049275016314105,0.23602414123321833,0.20540706411746532,0.23634135798319703
best,77500,clone_to_original,opposite-number-shuffled,object_relative,304,299,0.22071398088806554,0.20404224254583056,0.23776736408472063,0.20433452937763905,0.23752861551758478
step_005000,5000,original_to_original,opposite-number,subject_relative,288,284,0.002019979887538486,0.001251662646730741,0.0027958338873253926,0.001283661069141494,0.0027638086728857757
step_005000,5000,original_to_original,opposite-number-shuffled,subject_relative,288,284,0.0032628377278645835,0.0005023226555850771,0.0059950019750330185,0.0005055691933993137,0.006049946003302987
step_005000,5000,clone_to_clone,opposite-number,subject_relative,288,284,0.027416712707943387,0.024186916111244097,0.03081230831642945,0.02417044418327736,0.030757927289389284
step_005000,5000,clone_to_clone,opposite-number-shuffled,subject_relative,288,284,0.026741342412100896,0.02001800938612885,0.033565150822202364,0.01994811821642168,0.033623955256882165
step_005000,5000,original_to_clone,opposite-number,subject_relative,288,284,-0.0013501677248213026,-0.0020385354343387817,-0.0006729207519027923,-0.002043361768900856,-0.0006608512906518243
step_005000,5000,original_to_clone,opposite-number-shuffled,subject_relative,288,284,-0.0013875729507870143,-0.004118548499213325,0.0013366549793216893,-0.0040256402522020375,0.0013005777885173927
step_005000,5000,clone_to_original,opposite-number,subject_relative,288,284,0.004500889115863376,0.003246958057085673,0.005802904441952705,0.0032418096522420954,0.005790894832051036
step_005000,5000,clone_to_original,opposite-number-shuffled,subject_relative,288,284,0.003982288969887627,0.0010125356415907542,0.006989828621347745,0.0009732752209788224,0.006934904931446123
step_015000,15000,original_to_original,opposite-number,subject_relative,288,284,0.0070788247717751395,0.005773771843976445,0.008363513441549408,0.005808289748866384,0.008412960189674731
step_015000,15000,original_to_original,opposite-number-shuffled,subject_relative,288,284,0.004772080315483941,-0.0004334785044193268,0.009906847692198222,-0.00041423032850826575,0.010023997434024991
step_015000,15000,clone_to_clone,opposite-number,subject_relative,288,284,0.31887146996127236,0.29735657394760184,0.34058385185069506,0.29757992674045275,0.34139868273503254
step_015000,15000,clone_to_clone,opposite-number-shuffled,subject_relative,288,284,0.30702453189426,0.2855429752419392,0.32887104700009023,0.2857402768050332,0.3290887461306741
step_015000,15000,original_to_clone,opposite-number,subject_relative,288,284,-0.0015675276517868042,-0.0028670090354151194,-0.0002789717581537035,-0.002874972712662485,-0.00030750868221124047
step_015000,15000,original_to_clone,opposite-number-shuffled,subject_relative,288,284,0.00021913482083214654,-0.004244279695881738,0.004725703183147642,-0.00435726969328791,0.00475317635375698
step_015000,15000,clone_to_original,opposite-number,subject_relative,288,284,0.042503090368376836,0.034093255632453495,0.05100467221604453,0.03411340606036445,0.05099435335474261
step_015000,15000,clone_to_original,opposite-number-shuffled,subject_relative,288,284,0.042228890789879694,0.03333229906857013,0.05114593398239877,0.03348580325557286,0.05081764821162966
step_030000,30000,original_to_original,opposite-number,subject_relative,288,284,0.11957319246398078,0.10917483870353963,0.13018065980739066,0.10893674574892341,0.1304885855675149
step_030000,30000,original_to_original,opposite-number-shuffled,subject_relative,288,284,0.11307713720533583,0.09593587745394971,0.13081810201207797,0.09607352481729979,0.12984767410254716
step_030000,30000,clone_to_clone,opposite-number,subject_relative,288,284,0.4565994491179784,0.4218556003438102,0.4913279501100381,0.421977549046278,0.4918725719653438
step_030000,30000,clone_to_clone,opposite-number-shuffled,subject_relative,288,284,0.44513706200652653,0.4148130235158735,0.47557058023909726,0.4152812157616471,0.47657826684353793
step_030000,30000,original_to_clone,opposite-number,subject_relative,288,284,0.030812220440970525,0.027258249703380796,0.03457900554769569,0.027256939883291243,0.03457735922278428
step_030000,30000,original_to_clone,opposite-number-shuffled,subject_relative,288,284,0.02822255425983005,0.020720904610223242,0.0356851962291532,0.020722872638912804,0.03593847607373059
step_030000,30000,clone_to_original,opposite-number,subject_relative,288,284,0.16671713689963022,0.15407151786817444,0.1793971707423528,0.15378027288146498,0.17975270634842982
step_030000,30000,clone_to_original,opposite-number-shuffled,subject_relative,288,284,0.1688077317343818,0.15318506124118964,0.18479154772228665,0.15340322018212058,0.184673068968895
step_050000,50000,original_to_original,opposite-number,subject_relative,288,284,0.5766113218333986,0.5347003638330433,0.618569141253829,0.5350072859990189,0.6192996957094123
step_050000,50000,original_to_original,opposite-number-shuffled,subject_relative,288,284,0.5559675660398271,0.5186385376999776,0.5952355402625269,0.5182339845388462,0.5945873359992879
step_050000,50000,clone_to_clone,opposite-number,subject_relative,288,284,0.38376349045170677,0.3518162089917395,0.4162456425941653,0.35234836469642755,0.4168371463209633
step_050000,50000,clone_to_clone,opposite-number-shuffled,subject_relative,288,284,0.3553500258260303,0.3303504824638367,0.3805081897725662,0.33076281634469823,0.3809179433668502
step_050000,50000,original_to_clone,opposite-number,subject_relative,288,284,0.06986973186333974,0.05735603359838327,0.08283138279285696,0.05790662874752152,0.082609061931713
step_050000,50000,original_to_clone,opposite-number-shuffled,subject_relative,288,284,0.06826464169555241,0.053845207310385175,0.08295851912763384,0.053899753371166904,0.08313743672405063
step_050000,50000,clone_to_original,opposite-number,subject_relative,288,284,0.18084501723448435,0.16607113203240767,0.1958542904920048,0.16617393611248543,0.19610962466233306
step_050000,50000,clone_to_original,opposite-number-shuffled,subject_relative,288,284,0.1806350184811486,0.16428134731120533,0.19721192349162367,0.16471849642564196,0.1973366759216701
step_065000,65000,original_to_original,opposite-number,subject_relative,288,284,0.787028431892395,0.7296863623791271,0.8449150438937876,0.7287966018261975,0.8460742670276854
step_065000,65000,original_to_original,opposite-number-shuffled,subject_relative,288,284,0.7680051575104395,0.7172381485915846,0.8205905627873209,0.7169938268484569,0.8214775692486885
step_065000,65000,clone_to_clone,opposite-number,subject_relative,288,284,0.4880892170800103,0.4530771835810608,0.5228891969141033,0.45338446592088777,0.5239233420352742
step_065000,65000,clone_to_clone,opposite-number-shuffled,subject_relative,288,284,0.47396407855881584,0.4446769733395841,0.5031184744917685,0.4454525652572249,0.5035550686606444
step_065000,65000,original_to_clone,opposite-number,subject_relative,288,284,0.05983104474014706,0.04617486517462465,0.07387272934946748,0.04619593967617762,0.07369463492640076
step_065000,65000,original_to_clone,opposite-number-shuffled,subject_relative,288,284,0.05963118043210772,0.04390360518462128,0.07542245404587851,0.04397247571094925,0.07550368443388361
step_065000,65000,clone_to_original,opposite-number,subject_relative,288,284,0.24790384703212315,0.22981646408637366,0.2664177869757017,0.2293295515358111,0.2663013156869432
step_065000,65000,clone_to_original,opposite-number-shuffled,subject_relative,288,284,0.2426974806520674,0.22408858574926854,0.2617940798401832,0.2241859293611426,0.2615605204684016
best,77500,original_to_original,opposite-number,subject_relative,288,284,0.7610124581389957,0.7091655736168225,0.8124449909147289,0.7086198418897247,0.8142450387915537
best,77500,original_to_original,opposite-number-shuffled,subject_relative,288,284,0.7412026027838389,0.6937359097517198,0.7911338308619128,0.6930386832190885,0.7906637756604854
best,77500,clone_to_clone,opposite-number,subject_relative,288,284,0.499870369831721,0.4622387268063095,0.5384618152760797,0.46234408895313117,0.5389993414252436
best,77500,clone_to_clone,opposite-number-shuffled,subject_relative,288,284,0.48080803288353813,0.4480342265632417,0.5144055356582006,0.44905911424247946,0.5141251184306779
best,77500,original_to_clone,opposite-number,subject_relative,288,284,0.029194585151142545,0.016652792940537137,0.04160142611298295,0.016811162257752223,0.04179768579880645
best,77500,original_to_clone,opposite-number-shuffled,subject_relative,288,284,0.030214241809315152,0.015620363752047221,0.04499822983311282,0.015453531874237127,0.04513766193562973
best,77500,clone_to_original,opposite-number,subject_relative,288,284,0.24729587799972957,0.23026694961720043,0.26537433659864795,0.23016514034540045,0.26484364568726837
best,77500,clone_to_original,opposite-number-shuffled,subject_relative,288,284,0.24673599667019314,0.22738445525368056,0.2662006913373868,0.22772328931933794,0.26627729637675907
